{
  "tb": {
    "version": "活动结束留作纪念吧~",
    "gd": "taobao://m.tb.cn/h.42q2ew8",
    "end": "taobao://m.tb.cn/h.4X7e64s",
    "hongbao": "taobao://m.tb.cn/h.4WKRaaT",
    "main": "taobao://m.taobao.com/tbopen/index.html?h5Url=https://m.taobao.com",
    "cat": {
      "image": "https://gitee.com/leecogit/Updater/raw/master/image/1111_cat.jpeg",
      "home": "taobao://pages.tmall.com/wow/z/hdwk/act-20201111/index?disableNav=YES&qd_from=dccjy",
      "task": [
        {
          "repeat_gdp": {
            "title": "逛店铺",
            "implId": [
              {
                "5213": [
                  "icpmAd_0_3345851_5213_0",
                  "icpmAd_0_3345852_5213_0",
                  "icpmAd_0_3345853_5213_0",
                  "icpmAd_0_3345854_5213_0",
                  "icpmAd_0_3345855_5213_0",
                  "icpmAd_0_3345856_5213_0",
                  "icpmAd_0_3345857_5213_0",
                  "icpmAd_0_3345858_5213_0",
                  "icpmAd_0_3345859_5213_0",
                  "icpmAd_0_3345860_5213_0",
                  "icpmAd_0_3345861_5213_0",
                  "icpmAd_0_3345862_5213_0",
                  "icpmAd_0_3345863_5213_0",
                  "icpmAd_0_3345864_5213_0",
                  "icpmAd_0_3345865_5213_0",
                  "icpmAd_0_3345866_5213_0",
                  "icpmAd_0_3345867_5213_0",
                  "icpmAd_0_3345868_5213_0",
                  "icpmAd_0_3345869_5213_0",
                  "icpmAd_0_3345870_5213_0"
                ]
              }
            ],
            "type": "icpmAd",
            "urlScheme": "taobao://shop.m.taobao.com/shop/shop_index.htm?shop_id=62941831&ffs=https%3A%2F%2Fifsk2.tanx.com%2Fffsback%3Fname%3Dminteract%26pid%3Dmm_12852562_1778064_110326650220%26pvid%3D8e4c1c0b84ff97005f93f70b074f67b1%26biz%3DZvBlCgMKATESIgiL7s.8BTIaanNcdTg0RERcdTgyNzJcdTU5MjdcdTU3MzAaOwo5CiQ1NTE0NTUwMTM2MDAwMV8xNTAyMDc4NTAzXzE1MDE2NzI1MzEYge.mlgUqAUkyAVaQAYHv5pYF&adScene=202011-ad-card-wall-1&hd_from_id=100074&sceneId=722&deliveryId="
          }
        },
        {
          "repeat_gyg": {
            "title": "逛会场",
            "implId": [
              {
                "6946": [
                  "expo_0_217918001_6946_0",
                  "expo_0_217918002_6946_0",
                  "expo_0_217918003_6946_0",
                  "expo_0_217918004_6946_0",
                  "expo_0_217918005_6946_0"
                ]
              },
              {
                "7219": [
                  "expo_0_217918001_7219_0",
                  "expo_0_217918002_7219_0",
                  "expo_0_217918003_7219_0",
                  "expo_0_217918004_7219_0",
                  "expo_0_217918005_7219_0"
                ]
              },
              {
                "7338": [
                  "expo_0_217918001_7338_0",
                  "expo_0_217918002_7338_0",
                  "expo_0_217918003_7338_0",
                  "expo_0_217918004_7338_0",
                  "expo_0_217918005_7338_0"
                ]
              },
              {
                "7375": [
                  "expo_0_217918001_7375_0",
                  "expo_0_217918002_7375_0",
                  "expo_0_217918003_7375_0",
                  "expo_0_217918004_7375_0",
                  "expo_0_217918005_7375_0"
                ]
              }
            ],
            "type": "expo",
            "urlScheme": "taobao://pages.tmall.com/wow/a/act/tmall/tmc/28098/3640/wupr?wh_pid=industry-221311&disableNav=YES&status_bar_transparent=true&itemId=629804482930&item_id=629804482930&dczt_module_id=18551&expo_id=2029234002&srcinfo=mainexpo_2&scm=1007.23000.197039.11831584_0_0&utparam=%7B%22hc_object_id%22%3A%2226994689611019%22%2C%22x_object_type%22%3A%22expo%22%2C%22x_mix_flow%22%3A11831584%2C%22x_pos%22%3A1%2C%22x_hestia_flow%22%3A11831584%2C%22tpp_buckets%22%3A%2210000%230%23193986%230%22%2C%22scene%22%3A%22ali_sea%22%2C%22x_scm%22%3A%221007.23000.197039.11831584_0_0%22%2C%22x_sub_score%22%3A4.0139315%2C%22x_user_id%22%3A2559274466%2C%22x_src%22%3A%2218551%22%2C%22x_object_type_id%22%3A4%2C%22x_hestia_source%22%3A%22hudong%22%2C%22x_price%22%3A0.0%2C%22x_hestia_subsource%22%3A%22tasklist%22%2C%22hc_object_type%22%3A%22zhc_b%22%2C%22wh_pid%22%3A%22%22%2C%22x_sub_rank%22%3A1%2C%22x_item_ids%22%3A629804482930%2C%22x_mt%22%3A0%2C%22x_algo_paras%22%3A%22%22%2C%22x_pvid%22%3A%22872dd176-6ca9-401a-b082-4d73fb6d17b8%22%2C%22x_tpp_buckets%22%3A%22%22%2C%22x_object_id%22%3A%22594017758266%22%7D&pvid=872dd176-6ca9-401a-b082-4d73fb6d17b8&sceneId=722&fromToken=R9R0B1rSvArDZMe0izZfBE2fXUOUw&hd_from_id=100074&spm=202011hudong.20245757.tasklist.0&deliveryId="
          }
        },
        {
          "repeat_yun": {
            "title": "逛推送",
            "implId": [
              {
                "7080": [
                  "cloudSailAd_0_1191_7080_0",
                  "cloudSailAd_0_1192_7080_0",
                  "cloudSailAd_0_1193_7080_0",
                  "cloudSailAd_0_1194_7080_0",
                  "cloudSailAd_0_1195_7080_0"
                ]
              }
            ],
            "type": "cloudSailAd",
            "urlScheme": "taobao://pages.tmall.com/wow/a/act/tmall/dailygroup/1368/wupr?wh_pid=daily-220136&wh_ttid=%40phone&eurl=http%3A%2F%2Fclick.mz.simba.taobao.com%2Fecpm%3Feadt%3D97%26e%3DGhWSEZeZ%252FjASXnZCiezO6hsQmLP5zomMlXqg937UIKyyfVYSfilARC0AiEwrLfXyXdi%252FB0ViEPGY3GaqeeMO5MuilgsMug3OLkfU0NcJTpP9y7Sm02hzhgSU8MhsQ28qXqjNWwNlYH4krVheagebTOf50b%252FQfiXFCSM%252Fo1l0STO3MWmDg6LOFRoVUVdbiTVeoTEdU%252BsvBQnHet53HvA%252BMtf2DklXYPwIaWFXxONqIUD4d3HsZc3S9xEqY7kOh9YlZO5En2LyZcNUZP2hx5XoB6YCwjMmssDgE6fPH%252Fs35ZoeHisXnzo0qDQh1REMV2ElrQ9q3wOjBhgHz%252B8uYllHxEP%252BmeWvcGh6n9aykWwLN4BYncd8OmWOdfqVKUNmyd3yKA5%252FxVUW8hZ9m1eQ95TGv%252FNnMnvO1Z%252BRkkFmu5FCVZWw%252BnXXrIjEteQ6SxxiLolvG99biWioduJC69jyFxpW8%252F4k5EJL5dyksTlsyqip%252FW0HNXaZrJ2vPqkg9160l5yhXPHimXladJCcLRJR4%252F8Fr95mhz6UirKpckycvnk0QSaLBCaB0X0l8g7vBZy%252FUjfxJsK8ac%252FRXvO8IQgui8cmmOMSi6gf9TjoesiI8Gy%252Fms0mfPPJ%252BUO15mgMLv9Qq8tm3ztOwTdliRnSxpDorAq46xq0xr36ECWHG2gj7yn6Y1V0kZRWbvUff0Z5MArnbbsp%26u%3Dhttps%253A%252F%252Fpages.tmall.com%252Fwow%252Fa%252Fact%252Ftmall%252Fdailygroup%252F1368%252Fwupr%253Fwh_pid%253Ddaily-220136%2526wh_ttid%253D%2540phone%26k%3D705&etype=3&epid=mm_12852562_1778064_110324700256&adTrace=55171500190001__user_define__67bd1c0b7effd7005f9afcba120a23f8&settleType=afterTime&settleTime=0&shortTfs=3cdfe2a8e2e710cab26fac7698857835&ffs=https%3A%2F%2Fifsk2.tanx.com%2Fffsback%3Fname%3Dminteract%26pid%3Dmm_12852562_1778064_110329400248%26pvid%3D67bd1c0b7effd7005f9afcba120a23f8%26biz%3DZPBjCgMKATESIgi6-ev8BTIaanNcdTg0RERcdTgyNzJcdTU5MjdcdTU3MzAaOQo3CiQ1NTE3MTUwMDE5MDAwMV8xNDI2OTUwNzEzXzE0Mjc2MzA2MTYY-anfNioBSTIBVpAB-anfNg__&adScene=202011-task-list&sceneId=722&fromToken=KBJkqdaU8g0JXqMgSXESjXbheUWUn&hd_from_id=100074&spm=202011hudong.20245757.c1.d1&deliveryId="
          }
        },
        {
          "repeat_other": {
            "title": "逛其他",
            "implId": [
              { "7246": "expo_0_45012_7246_0" },
              { "7247": "expo_0_45012_7247_0" },
              { "7280": "other_0_30002_7280_0" },
              { "6752": "other_0_57065_6752_0" },
              { "7180": "other_0_42049_7180_0" },
              { "7248": "expo_0_55065_7248_0" },
              { "7346": "other_0_55073_7346_0" },
              { "7145": "other_0_53038_7145_0" },
              { "7077": "expo_0_53017_7077_0" }
            ],
            "type": "other",
            "urlScheme": "taobao://pages.tmall.com/wow/a/act/tmall/dailygroup/2001/wupr?disableNav=YES&wh_pid=daily-223176&wx_navbar_hidden=true&pageName=venue&sceneId=722&fromToken=jQVloDei0O15Vl5ktpBt1wBiDUoUb&hd_from_id=100074&spm=202011hudong.20245757.tasklist.0&deliveryId="
          }
        },
        {
          "repeat_search": {
            "title": "逛搜索",
            "implId": [
              {
                "6883": [
                  "interactionSearch_0_100157965_6883_0",
                  "interactionSearch_0_100157961_6883_0",
                  "interactionSearch_0_100157962_6883_0"
                ]
              }
            ],
            "type": "interactionSearch",
            "urlScheme": "taobao://s.taobao.com?q=如何让你爱的人爱上你&spm=202011hudong.20245757.c1.d1&sourceType=other&fromToken=AEwQBo8IKdJqBJlOi2OfdnvhYU1Ua&scm=1007.23000.197039.11831584_0_0&sceneId=722&hd_from_id=100074&g_channelSrp=hudongcheng_20201111&needTabs=true&deliveryId="
          }
        },
        {
          "yc": {
            "title": "逛隐藏任务",
            "implId": [
              {
                "6303": ["cloudSailAd_0_3344850_6303_0"]
              }
            ],
            "type": "cloudSailAd",
            "urlScheme": "taobao://mo.m.tmall.com/s/page/3344850?shopId=68491548&sellerId=749391658&weexShopTabId=1.0.2&weexShopToken=68491548&inMiniappShop=true&inWeexShop=true&weexShopTransparentBG=true&inMiniappShopVersion=2.5&frame-url=202011hudong.20245757.box.pentaprism_commerce__&isShop=1&bizType=6&eurl=http%3A%2F%2Fclick.mz.simba.taobao.com%2Fecpm%3Feadt%3D97%26e%3DcSRU3eCMuiYSXnZCiezO6hsQmLP5zomMcFqvky%252F0M3f0N%252FECklJbQMbVRC%252B5tSeULxyQaqBnYqNJOuUxIpcyHfoUSTkZLBlxLkfU0NcJTpP9y7Sm02hzhmDk6ODTG66JTsHbMHKVNEF4io6D%252FSUNRW6pbrKTD9Z%252B8Z72igIoJ5sC%252F4VnJli1CSSisbLMhHkH0MorbSX9B%252BMysxVb%252B8e32Qmasy%252F6%252BSasN3%252F4ukUFg0FgcMxd2g%252BnPfmho4%252B6j4QX%252BwWte%252FfvpI%252FnhL6HfimFzrpV9FyqsTP5KvBRSRxlqEgpgHpr3%252BqYp0EC8OEIv26xz%252BYW2KviQbCuiucAEXDvDEL8p3yQIUE1Kb0C%252BDbpuR15aMt840SX8POb15agwps%252BxmvxAwAv8kceRJ3D%252BfcVTV7Qn%252BWrdTHEUhgeXZG4ZcrV7nN%252FwYJQ0X95JcmHOe5Pffsu7sGPREGLC3rkld5Y1JvBXe7v2L4DmdIlTNN2GzayZeWGtBVsxsOYHt6dTJuMOq5Ov2ZOO9GoNcRzj4FkOnV6X8ogStbw%252F5J%252Bu3N1DYTqFly%252FS6B0zExqqwzgzpUlJqdv3J8EjOdEGNIdZ7qErYtoNVZUu1N894m%252BPQRqfRxsfiiST8u%252B0P2OC25EbQNNYm%252BaER8p3mbdiSRZoXooNOJP6Wky4j4c%26u%3Dhttps%253A%252F%252Fshop.m.taobao.com%252Fshop%252Fshop_index.htm%253FshopId%253D68491548%2526shopSourceChannel%253Dtao_ji_mu%25253A2780003%2526weexShopTab%253Dshopindexbar%2526weexShopSubTab%253Dextend_tab%2526shop_navi%253Dextend_tab%26k%3D673&adScene=202011-fondle-cat-box-pop&shopFetchTimeout=200&templateId=3000000002110464&activityId=100074&adTrace=55370004870001__smart_teemo__0d52180b14ff97005fa2def9012aee6f&shop_navi=extend_tab&sceneId=872&etype=3&shopSourceChannel=tao_ji_mu%3A2780003&fromToken=OK8w5poublbJqopXsaWtzWWCVUJUr&weexShopSubTab=extend_tab&settleTime=0&epid=mm_12852562_1778064_110802500405&clickid=I17_97_12979929316045094349396401&shortTfs=4cf1777035d9c70455731a3bc348862a&spm=202011hudong.20245757.box.pentaprism_commerce&ffs=https%3A%2F%2Fifsk2.tanx.com%2Fffsback%3Fname%3Dminteract%26pid%3Dmm_12852562_1778064_110802800417%26pvid%3D0d52180b14ff97005fa2def9012aee6f%26biz%3DZPBjCgMKATESIgj5vYv9BTIaanNcdTg0RERcdTgyNzJcdTU5MjdcdTU3MzAaOQo3CiQ1NTM3MDAwNDg3MDAwMV8xNDQwOTY3ODQ2XzE0Mjc1MTAzNzMY0vXjDSoBSTIBVpAB0vXjDQ__&eRedirect=1&hd_from_id=100074&weexShopTab=shopindexbar&settleType=afterTime&shopTestGroup=mini3_center&shopFetchVersion=4.0&tbShopContainer=1&origin_shop_navi=extend_tab&paddingTopAndBottom=0%2C0&shop_id=68491548&deliveryId="
          }
        },
        {
          "gotb": {
            "implId": [{ "5283": "other_0_9001_5283_0" }],
            "title": "去淘宝领喵币",
            "urlScheme": "taobao://pages.tmall.com/wow/z/hdwk/act-20201111/index?disableNav=YES&qd_from=zfbbanner&prismFrom=zfb&hd_from_id=100074&sceneId=623&isLost=false&scene=single&deliveryId="
          }
        },
        {
          "gozfb": {
            "implId": [{ "": "" }],
            "title": "去支付宝领喵币",
            "urlScheme": "alipays://platformapi/startapp?appId=68687502&thd_con=YES&pikshemo=YES&async_uc=YES&mainConnectDelayPush=YES&delayPipeline=YES&initCustomService=YES&flashTinyApp=YES&enableHotBoot=YES&nbupdate=syncforce&nbversion=0.5.2010171427.31&clientVersion=10.1.85.6000&chInfo=taobaobanner&url=/p/c/17so2aeuo8ak/pages/index/index.html?source=TAOBAO_TASK"
          }
        }
      ],
      "team": {
        "作者队伍": "taobao://m.tb.cn/h.41M0U9g?sm=b1542b",
        "🔥 邀请好友抽清空购物车": "taobao://m.tb.cn/h.4WhJA5Y?sm=39b185",
        "赞助幸运星队伍人气": "taobao://m.tb.cn/h.4cvzsAz?sm=2396a4",
        "用户优质队伍1": "taobao://m.tb.cn/h.4Yw09QC?sm=dbe03a",
        "用户优质队伍2": "taobao://m.tb.cn/h.4Yznb8s?sm=b5feb8",
        "用户优质队伍3": "taobao://m.tb.cn/h.41EXGdh?sm=40b0be",
        "用户优质队伍4": "taobao://m.tb.cn/h.4XJLOAn?sm=e41f0b",
        "👥 养猫助力群": "mqqapi://card/show_pslcard?src_type=internal&version=1&uin=830385420&card_type=group&source=qrcode&jump_from=&auth=&authSig=CtFeH1TafXW5JK0ALJh4EbaUkBHKJ6ykRB6+ejGS3fvjGPae8Am9sPg+sm0xsTNX&source_id=2_40001"
      }
    },
    "share": {
      "🔥 超级抢购助手": "https://www.icloud.com/shortcuts/f89fdd6d411841819ef747541283866b",
      "11.11元抢超市卡1111元": "taobao://m.tb.cn/h.4WKRfXi?sm=6bd923",
      "主会场-错过再等一年": "taobao://m.tb.cn/h.4WKFkBO ",
      "送你一张5元天猫超市卡": "taobao://m.tb.cn/h.4dyPkB7?sm=89b00e",
      "分享大厅": {
        "消灭小红包": {
          "6.9元佳龙辣条50包": "taobao://m.tb.cn/h.4XJUE33",
          "5.8元苹果钢化膜三片": "taobao://m.tb.cn/h.429bC7P",
          "1.9元医用口罩10个": "taobao://m.tb.cn/h.4czEAjT",
          "9.9元白象方便面5袋": "taobao://m.tb.cn/h.429WDSV",
          "3.9元全系可爱硅胶手机壳": "taobao://m.tb.cn/h.4czylnm"
        },
        "好物精选": {
          "我想变得漂亮": {
            "兰蔻-小黑瓶  #爱美的女生人手一瓶": "taobao://s.click.taobao.com/K6ERduu",
            "雅诗兰黛-小棕瓶": "taobao://m.tb.cn/h.42wCyfE?sm=0aa424",
            "SK2-神仙水": "taobao://s.click.taobao.com/gNtAduu",
            "娇兰-幻彩流星粉": "taobao://m.tb.cn/h.4dM1OdB",
            "MAC-子弹头": "taobao://s.click.taobao.com/BSz4duu",
            "DoggyQin-穿搭  #为己妆容": "taobao://m.tb.cn/h.42DAs2D",
            "一忘皆空-穿搭  #待君赏之": "taobao://m.tb.cn/h.4X8W7Xt?sm=807b7e",
            "ddza小个子-穿搭  #一生伴有心中人": "taobao://m.tb.cn/h.42x55gJ",
            "岛上定制-女鞋": "taobao://m.tb.cn/h.422u4AO"
          },
          "我想变得帅气": {
            "文艺男女-穿搭  #多谈几场恋爱": "taobao://m.tb.cn/h.4dof5HQ",
            "嘿马七作-穿搭 #趁年轻": "taobao://m.tb.cn/h.4X8JW8X",
            "GBOY-穿搭  #多穿几件衣服": "taobao://m.tb.cn/h.42xIODd",
            "JackBlack-男士洗面奶": "taobao://m.tb.cn/h.4dopOD8",
            "爱马仕-大地香水  #每个男生都应该拥有一瓶": "taobao://m.tb.cn/h.4X8AzVq"
          },
          "我想努力学习": {
            "MUJI-中性笔": "taobao://m.tb.cn/h.4XjX8tv?sm=d4bff7"
          },
          "我想要来点格调": {
            "P.F. CANDLE-香薰蜡烛": "taobao://m.tb.cn/h.4XjdXnY",
            "饰范-欧式台灯": "taobao://m.tb.cn/h.4XjUfQW",
            "思家园-美式弧形沙发": "taobao://m.tb.cn/h.42C4j6t",
            "马歇尔-2代蓝牙音箱": "taobao://m.tb.cn/h.4dLcYoz"
          },
          "我只想省钱": {
            "有没有车": {
              "拼丽思卡尔顿？": { "层级内容测试": { "内容建立中": "" } }
            },
            "聚划算-全网最低价": "taobao://m.tb.cn/h.4dLWq9h"
          }
        },
        "内容精选": {
          "我想脱单": { "内容建立中...": "" },
          "我想看点电影": { "内容建立中...": "" },
          "双十一该如何度过": { "内容建立中...": "" },
          "工作好忙": { "内容建立中...": "" },
          "学习压力大": { "内容建立中...": "" },
          "有开黑的吗？": { "内容建立中...": "" }
        },
        "员工内购清单": "taobao://m.tb.cn/h.4X741Eq"
      }
    }
  },
  "zfb": {
    "cat": {
      "home": "alipays://platformapi/startapp?appId=68687502",
      "task": [
        {
          "gotb": "alipays://platformapi/startapp?appId=20000067&url=https://pages.tmall.com/wow/a/act/tmall/dailygroup/1090/wupr?wh_pid=daily-218527&bc_fl_src=zfb_zfbbanner&targetUrl=https%3a%2f%2fpages.tmall.com%2fwow%2fz%2fhdwk%2fact-20201111%2findex%3fdisableNav%3dYES%26qd_from%3dzfbbanner%26prismFrom%3dzfb%26hd_from_id%3d100074%26sceneId%3d623%26deliveryId%3d5283%26implId%3dother_0_9001_5283_0%26isLost%3dfalse%26scene%3dsingle"
        }
      ]
    }
  },
  "jd": {
    "main": "openapp.jdmobile://virtual?params={\"category\":\"jump\",\"des\":\"HomePage\"}",
    "version": "云数据版本：11.5.3",
    "hongbao": "openapp.jdmobile://virtual?params={\"category\":\"jump\",\"action\":\"to\",\"des\":\"m\",\"url\":\"https://u.jd.com/tkn4gjT\"}",
    "gd": "openapp.jdmobile://virtual?params={\"category\":\"jump\",\"action\":\"to\",\"des\":\"m\",\"url\":\"https://u.jd.com/tVOdDlL\"}",
    "end": "openapp.jdmobile://virtual?params={\"category\":\"jump\",\"action\":\"to\",\"des\":\"m\",\"url\":\"https://u.jd.com/tkn4gjT\"}",
    "qmyy": {
      "home": "openapp.jdmobile://virtual?params={\"category\":\"jump\",\"action\":\"to\",\"des\":\"m\",\"url\":\"https://wbbny.m.jd.com/babelDiy/Zeus/4SJUHwGdUQYgg94PFzjZZbGZRjDd/index.html\"}",
      "team": {
        "作者队伍": "",
        "赞助作者撸猫助力": "taobao://m.tb.cn/h.4dLCl0m?sm=353a2d",
        "👥 养猫助力群": "mqqapi://card/show_pslcard?src_type=internal&version=1&uin=830385420&card_type=group&source=qrcode&jump_from=&auth=&authSig=CtFeH1TafXW5JK0ALJh4EbaUkBHKJ6ykRB6+ejGS3fvjGPae8Am9sPg+s"
      },
      "data": {
        "getHomeData": {
          "url": "https://api.m.jd.com/client.action?functionId=stall_getHomeData",
          "body": "{}",
          "api": ""
        },
        "getTaskDetail": {
          "url": "https://api.m.jd.com/client.action?functionId=stall_getTaskDetail",
          "body": "{\"shopSign\":\"\"}",
          "api": ""
        },
        "collectScore": {
          "url": "https://api.m.jd.com/client.action?functionId=stall_collectScore",
          "body": "{\"shopSign\":\"\"}",
          "api": ""
        }
      }
    }
  }
}
