{
  "JD_sign": {
    "version": "数据库版本:2.2.1",
    "pv": "openapp.jdmobile://virtual?params={\"des\":\"m\",\"category\":\"jump\",\"url\":\"https://u.jd.com/thCBSZW\"}",
    "endJump": "openapp.jdmobile://virtual?params={\"category\":\"jump\",\"des\":\"jdreactcommon\",\"appname\":\"JDReactMyJdSubModule\",\"modulename\":\"JDReactMyJdSubModule\",\"ishidden\":true,\"needLogin\":true}",
    "api": {
      "isLogin": {
        "url": "https://wq.jd.com/user/info/QueryJDUserInfo?sceneval=2",
        "method": "POST",
        "headers": {
          "Accept": "application/json,text/plain, */*",
          "Accept-Encoding": "gzip, deflate, br",
          "Accept-Language": "zh-cn",
          "Connection": "keep-alive",
          "Referer": "https://wqs.jd.com/my/jingdou/my.shtml?sceneval=2"
        }
      }
    },
    "task": [
      {
        "name": "京东京豆",
        "method": "post",
        "url": "https://api.m.jd.com/client.action",
        "body": "functionId=signBeanIndex&appid=ld"
      },
      {
        "name": "京东超市",
        "method": "get",
        "url": "https://api.m.jd.com/api?appid=jdsupermarket&functionId=smtg_sign&clientVersion=8.0.0&client=m&body=%7B%7D",
        "Origin": "https://jdsupermarket.jd.com"
      },
      {
        "name": "金融简单赚钱",
        "method": "post",
        "url": "https://ms.jr.jd.com/gw/generic/zc/h5/m/queryOpenScreenReward",
        "body": "reqData=%7B%22channelCode%22%3A%22ZHUANQIAN%22%2C%22clientType%22%3A%22sms%22%2C%22clientVersion%22%3A%2211.0%22%7D"
      },
      {
        "name": "金融钢镚",
        "method": "post",
        "url": "https://ms.jr.jd.com/gw/generic/hy/h5/m/signIn1",
        "body": "reqData=%7B%22channelSource%22%3A%22JRAPP6.0%22%2C%22riskDeviceParam%22%3A%22%7B%7D%22%7D"
      },
      {
        "name": "京东转盘",
        "method": "get",
        "url": "https://api.m.jd.com/client.action?functionId=wheelSurfIndex&body=%7B%22actId%22%3A%22jgpqtzjhvaoym%22%2C%22appSource%22%3A%22jdhome%22%7D&appid=ld"
      },
      {
        "name": "京东闪购",
        "method": "post",
        "url": "https://api.m.jd.com/client.action?functionId=partitionJdSgin",
        "body": "body=%7B%22version%22%3A%22v2%22%7D&client=apple&clientVersion=9.0.8&openudid=1fce88cd05c42fe2b054e846f11bdf33f016d676&sign=6768e2cf625427615dd89649dd367d41&st=1597248593305&sv=121"
      },
      {
        "name": "京东现金红包",
        "method": "post",
        "url": "https://api.m.jd.com/client.action?functionId=ccSignInNew",
        "body": "body=%7B%22pageClickKey%22%3A%22CouponCenter%22%2C%22eid%22%3A%22O5X6JYMZTXIEX4VBCBWEM5PTIZV6HXH7M3AI75EABM5GBZYVQKRGQJ5A2PPO5PSELSRMI72SYF4KTCB4NIU6AZQ3O6C3J7ZVEP3RVDFEBKVN2RER2GTQ%22%2C%22shshshfpb%22%3A%22v1%5C%2FzMYRjEWKgYe%2BUiNwEvaVlrHBQGVwqLx4CsS9PH1s0s0Vs9AWk%2B7vr9KSHh3BQd5NTukznDTZnd75xHzonHnw%3D%3D%22%2C%22childActivityUrl%22%3A%22openapp.jdmobile%253a%252f%252fvirtual%253fparams%253d%257b%255c%2522category%255c%2522%253a%255c%2522jump%255c%2522%252c%255c%2522des%255c%2522%253a%255c%2522couponCenter%255c%2522%257d%22%2C%22monitorSource%22%3A%22cc_sign_ios_index_config%22%7D&client=apple&clientVersion=8.5.0&d_brand=apple&d_model=iPhone8%2C2&openudid=1fce88cd05c42fe2b054e846f11bdf33f016d676&scope=11&screen=1242%2A2208&sign=1cce8f76d53fc6093b45a466e93044da&st=1581084035269&sv=102"
      },
      {
        "name": "京东领现金",
        "method": "get",
        "url": "https://api.m.jd.com/client.action?functionId=cash_sign&body=%7B%22remind%22%3A0%2C%22inviteCode%22%3A%22%22%2C%22type%22%3A0%2C%22breakReward%22%3A0%7D&client=apple&clientVersion=9.0.8&openudid=1fce88cd05c42fe2b054e846f11bdf33f016d676&sign=7e2f8bcec13978a691567257af4fdce9&st=1596954745073&sv=111"
      },
      {
        "name": "京东金贴",
        "method": "get",
        "url": "https://ms.jr.jd.com/gw/generic/uc/h5/m/signIn7",
        "Referer": "https://active.jd.com/forever/cashback/index"
      },
      {
        "name": "京东金融-抽奖",
        "method": "post",
        "url": "https://ms.jr.jd.com/gw/generic/syh_yxmx/h5/m/handleSign",
        "body": "reqData=%7B%22activityNo%22%3A%22e2d1b240d5674def8178be6b4faac5b6%22%2C%22signType%22%3A%221%22%2C%22encryptSign%22%3A%22%22%7D"
      }
    ]
  },
  "JD_nian": {
    "version": "数据库版本:1.29.1",
    "pv": "openapp.jdmobile://virtual?params={\"des\":\"m\",\"category\":\"jump\",\"url\":\"https://u.jd.com/thCBSZW\"}",
    "endJump": "openapp.jdmobile://virtual?params={\"des\":\"m\",\"category\":\"jump\",\"url\":\"https://wbbny.m.jd.com/babelDiy/Zeus/2cKMj86srRdhgWcKonfExzK4ZMBy/index.html\"}",
    "pkHelpCode": "IgNWdiLGaPaAqdZqpd0QbcXZFPwE1VfQ9VPl2cARI1KWYjbV1EXeRSxZojc",
    "api": {
      "isLogin": {
        "url": "https://wq.jd.com/user/info/QueryJDUserInfo?sceneval=2",
        "method": "POST",
        "headers": {
          "Accept": "application/json,text/plain, */*",
          "Accept-Encoding": "gzip, deflate, br",
          "Accept-Language": "zh-cn",
          "Connection": "keep-alive",
          "Referer": "https://wqs.jd.com/my/jingdou/my.shtml?sceneval=2"
        }
      },
      "nian_getHomeData": {
        "url": "https://api.m.jd.com/client.action?functionId=nian_getHomeData",
        "method": "POST",
        "body": "functionId=nian_getHomeData&body=%7B%7D&client=wh5&clientVersion=1.0.0"
      },
      "nian_getHomeData1": {
        "url": "https://api.m.jd.com/client.action?functionId=nian_getHomeData",
        "method": "POST",
        "body": "functionId=nian_getHomeData&body={}&client=wh5&clientVersion=1.0.0"
      },
      "nian_getTaskDetail": {
        "url": "https://api.m.jd.com/client.action?functionId=nian_getTaskDetail",
        "body": "functionId=nian_getTaskDetail&body=%7B%7D&client=wh5&clientVersion=1.0.0"
      },
      "nian_collectProduceScore": {
        "url": "https://api.m.jd.com/client.action?functionId=nian_collectProduceScore",
        "body": "functionId=nian_collectProduceScore&body={}&client=wh5&clientVersion=1.0.0"
      },
      "nian_collectScore": {
        "url": "https://api.m.jd.com/client.action?functionId=nian_collectScore",
        "body": "functionId=nian_collectScore&body={}&client=wh5&clientVersion=1.0.0"
      },
      "nian_getFeedDetail": {
        "url": "https://api.m.jd.com/client.action?functionId=nian_getFeedDetail",
        "body": "functionId=nian_getFeedDetail&body={}client=wh5&clientVersion=1.0.0"
      },
      "qryViewkitCallbackResult": {
        "url": "https://api.m.jd.com/client.action?functionId=qryViewkitCallbackResult",
        "body": "functionId=qryViewkitCallbackResult&body={}&client=wh5&clientVersion=1.0.0"
      },
      "qryCompositeMaterials": {
        "url": "https://api.m.jd.com/client.action?functionId=qryCompositeMaterials",
        "body": "functionId=qryCompositeMaterials&body={\"qryParam\":\"[{\\\"type\\\":\\\"advertGroup\\\",\\\"mapTo\\\":\\\"viewLogo\\\",\\\"id\\\":\\\"05149412\\\"},{\\\"type\\\":\\\"advertGroup\\\",\\\"mapTo\\\":\\\"bottomLogo\\\",\\\"id\\\":\\\"05149413\\\"}]\",\"activityId\":\"2cKMj86srRdhgWcKonfExzK4ZMBy\",\"pageId\":\"\",\"reqSrc\":\"\",\"applyKey\":\"21beast\"}&client=wh5&clientVersion=1.0.0"
      },
      "qryCompositeMaterials2": {
        "url": "https://api.m.jd.com/client.action?functionId=qryCompositeMaterials",
        "method": "POST",
        "body": "functionId=qryCompositeMaterials&body={\"qryParam\":\"[{\\\"type\\\":\\\"advertGroup\\\",\\\"mapTo\\\":\\\"homeFeedBannerT\\\",\\\"id\\\":\\\"05143017\\\"},{\\\"type\\\":\\\"advertGroup\\\",\\\"mapTo\\\":\\\"homeFeedBannerS\\\",\\\"id\\\":\\\"05144045\\\"},{\\\"type\\\":\\\"advertGroup\\\",\\\"mapTo\\\":\\\"homeFeedBannerA\\\",\\\"id\\\":\\\"05144046\\\"},{\\\"type\\\":\\\"advertGroup\\\",\\\"mapTo\\\":\\\"homeFeedBannerB\\\",\\\"id\\\":\\\"05144047\\\"},{\\\"type\\\":\\\"advertGroup\\\",\\\"mapTo\\\":\\\"domainShopData\\\",\\\"id\\\":\\\"05139136\\\"},{\\\"type\\\":\\\"advertGroup\\\",\\\"mapTo\\\":\\\"domainShopData2\\\",\\\"id\\\":\\\"05144271\\\"},{\\\"type\\\":\\\"advertGroup\\\",\\\"mapTo\\\":\\\"domainShopToT\\\",\\\"id\\\":\\\"05152048\\\"}]\",\"activityId\":\"2cKMj86srRdhgWcKonfExzK4ZMBy\",\"pageId\":\"\",\"reqSrc\":\"\",\"applyKey\":\"21beast\"}&client=wh5&clientVersion=1.0.0"
      },
      "nian_killCouponList": {
        "url": "https://api.m.jd.com/client.action?functionId=nian_killCouponList",
        "method": "POST",
        "body": "functionId=nian_killCouponList&body={}&client=wh5&clientVersion=1.0.0"
      },
      "nian_killCoupon": {
        "url": "https://api.m.jd.com/client.action?functionId=nian_killCoupon",
        "body": "functionId=nian_killCoupon&body={}&client=wh5&clientVersion=1.0.0"
      },
      "nian_doShopLottery": {
        "url": "https://api.m.jd.com/client.action?functionId=nian_doShopLottery",
        "body": "functionId=nian_doShopLottery&body={}&client=wh5&clientVersion=1.0.0"
      },
      "arNianGetUser": {
        "url": "https://arvractivity.jd.com/nian/arNianGetUser.do",
        "method": "GET",
        "headers": {
          "Referer": "https://h5.m.jd.com/babelDiy/Zeus/2ZUbtdUfe8ZTyCQrVecyjdNehHpL/index.html"
        }
      },
      "arNianStartGame": {
        "url": "https://arvractivity.jd.com/nian/arNianStartGame.do",
        "method": "POST",
        "headers": {
          "Referer": "https://h5.m.jd.com/babelDiy/Zeus/2ZUbtdUfe8ZTyCQrVecyjdNehHpL/index.html"
        }
      },
      "arNianEndGame": {
        "url": "https://arvractivity.jd.com/nian/arNianEndGame.do",
        "method": "POST",
        "headers": {
          "Referer": "https://h5.m.jd.com/babelDiy/Zeus/2ZUbtdUfe8ZTyCQrVecyjdNehHpL/index.html"
        }
      },
      "nian_shopSignInWrite": {
        "url": "https://api.m.jd.com/client.action?functionId=nian_shopSignInWrite",
        "method": "POST",
        "body": "functionId=nian_shopSignInWrite&body={}&client=wh5&clientVersion=1.0.0"
      },
      "nian_pk_getHomeData": {
        "url": "https://api.m.jd.com/client.action?functionId=nian_pk_getHomeData",
        "method": "POST",
        "body": "functionId=nian_pk_getHomeData&body={}&client=wh5&clientVersion=1.0.0"
      },
      "nian_pk_getTaskDetail": {
        "url": "https://api.m.jd.com/client.action?functionId=nian_pk_getTaskDetail",
        "method": "POST",
        "body": "functionId=nian_pk_getTaskDetail&body={}&client=wh5&clientVersion=1.0.0"
      },
      "nian_pk_collectScore": {
        "url": "https://api.m.jd.com/client.action?functionId=nian_pk_collectScore",
        "method": "POST",
        "body": "functionId=nian_pk_collectScore&body={}&client=wh5&clientVersion=1.0.0"
      },
      "nian_pk_assistGroup": {
        "url": "https://api.m.jd.com/client.action?functionId=nian_pk_assistGroup",
        "method": "POST",
        "body": "functionId=nian_pk_assistGroup&body={}&client=wh5&clientVersion=1.0.0"
      },
      "nian_pk_getStealForms": {
        "url": "https://api.m.jd.com/client.action?functionId=nian_pk_getStealForms",
        "method": "POST",
        "body": "functionId=nian_pk_getStealForms&body={}&client=wh5&clientVersion=1.0.0"
      },
      "nian_pk_doSteal": {
        "url": "https://api.m.jd.com/client.action?functionId=nian_pk_doSteal",
        "method": "POST",
        "body": "functionId=nian_pk_doSteal&body={}&client=wh5&clientVersion=1.0.0"
      }
    },
    "task": [
      {
        "api": "nian_collectProduceScore",
        "title": "收爆竹",
        "item": ["收爆竹 1 collectProducedCoin 0 0 0"]
      },
      {
        "api": "nian_collectScore",
        "item": [
          "逛主会场 8 15 1901437290 1 0",
          "逛优品-5次得奖励 1 8 100009549283 0 0",
          "逛优品-5次得奖励 1 8 819172 0 0",
          "逛优品-5次得奖励 1 8 100010016029 0 0",
          "逛优品-5次得奖励 1 8 100015770998 0 0",
          "逛优品-5次得奖励 1 8 100009879564 0 0",
          "逛优品-5次得奖励 1 9 5381686 0 0",
          "逛优品-5次得奖励 1 9 7088332 0 0",
          "逛优品-5次得奖励 1 9 100009879536 0 0",
          "逛优品-5次得奖励 1 9 4983468 0 0",
          "逛优品-5次得奖励 1 9 100017412370 0 0",
          "逛优品-5次得奖励 1 9 100003185386 0 0",
          "逛优品-5次得奖励 1 9 100015672756 0 0",
          "逛优品-5次得奖励 1 10 100015691164 0 0",
          "逛优品-5次得奖励 1 10 100007961027 0 0",
          "逛优品-5次得奖励 1 10 100016963806 0 0",
          "逛优品-5次得奖励 1 10 100013209930 0 0",
          "逛优品-5次得奖励 1 10 100006245305 0 0",
          "逛优品-5次得奖励 1 10 100014483770 0 0",
          "逛优品-5次得奖励 1 11 100013988540 0 0",
          "逛优品-5次得奖励 1 11 100005006348 0 0",
          "逛优品-5次得奖励 1 11 100008949879 0 0",
          "逛优品-5次得奖励 1 11 100009941197 0 0",
          "逛优品-5次得奖励 1 11 100006358756 0 0",
          "逛小镇 1 1 1 0 1000013402",
          "逛小镇 1 2 8701431288 0 1000013402",
          "逛小镇 1 3 6001424899 0 1000013402",
          "逛小镇 1 4 5901430835 0 1000013402",
          "逛小镇 1 5 5801420778 0 1000013402",
          "逛小镇 1 1 1 0 1000001521",
          "逛小镇 1 2 8701431272 0 1000001521",
          "逛小镇 1 3 6001423510 0 1000001521",
          "逛小镇 1 4 5901430836 0 1000001521",
          "逛小镇 1 5 5801420776 0 1000001521",
          "逛小镇 1 1 1 0 587647",
          "逛小镇 1 2 8701431274 0 587647",
          "逛小镇 1 3 6001424973 0 587647",
          "逛小镇 1 4 5901430956 0 587647",
          "逛小镇 1 5 5801420902 0 587647",
          "逛小镇 1 1 1 0 1000004064",
          "逛小镇 1 2 8701431273 0 1000004064",
          "逛小镇 1 3 6001424900 0 1000004064",
          "逛小镇 1 4 5901430833 0 1000004064",
          "逛小镇 1 5 5801420777 0 1000004064",
          "逛小镇 1 1 1 0 13132",
          "逛小镇 1 2 8701431347 0 13132",
          "逛小镇 1 3 6001425066 0 13132",
          "逛小镇 1 4 5901430928 0 13132",
          "逛小镇 1 5 5801420871 0 13132",
          "逛小镇 1 1 1 0 1000002662",
          "逛小镇 1 2 8701430877 0 1000002662",
          "逛小镇 1 3 6001424556 0 1000002662",
          "逛小镇 1 4 5901430834 0 1000002662",
          "逛小镇 1 5 5801420171 0 1000002662",
          "逛小镇 1 1 1 0 1000002499",
          "逛小镇 1 2 8701431403 0 1000002499",
          "逛小镇 1 3 6001425106 0 1000002499",
          "逛小镇 1 4 5901430957 0 1000002499",
          "逛小镇 1 5 5801420904 0 1000002499",
          "逛小镇 1 1 1 0 1000014803",
          "逛小镇 1 2 8701431346 0 1000014803",
          "逛小镇 1 3 6001425064 0 1000014803",
          "逛小镇 1 4 5901430927 0 1000014803",
          "逛小镇 1 5 5801420870 0 1000014803"
        ]
      },
      {
        "api": "nian_doShopLottery",
        "item": [
          "去抽奖 1 0 0 0 1000013402",
          "去抽奖 1 0 0 0 1000013402",
          "去抽奖 1 0 0 0 1000013402",
          "去抽奖 1 0 0 0 1000013402",
          "去抽奖 1 0 0 0 1000013402",
          "去抽奖 1 0 0 0 1000013402",
          "去抽奖 1 0 0 0 1000013402",
          "去抽奖 1 0 0 0 1000013402",
          "去抽奖 1 0 0 0 1000013402",
          "去抽奖 1 0 0 0 1000013402",
          "去抽奖 1 0 0 0 1000001521",
          "去抽奖 1 0 0 0 1000001521",
          "去抽奖 1 0 0 0 1000001521",
          "去抽奖 1 0 0 0 1000001521",
          "去抽奖 1 0 0 0 1000001521",
          "去抽奖 1 0 0 0 1000001521",
          "去抽奖 1 0 0 0 1000001521",
          "去抽奖 1 0 0 0 1000001521",
          "去抽奖 1 0 0 0 1000001521",
          "去抽奖 1 0 0 0 1000001521",
          "去抽奖 1 0 0 0 1000001521",
          "去抽奖 1 0 0 0 587647",
          "去抽奖 1 0 0 0 587647",
          "去抽奖 1 0 0 0 587647",
          "去抽奖 1 0 0 0 587647",
          "去抽奖 1 0 0 0 587647",
          "去抽奖 1 0 0 0 587647",
          "去抽奖 1 0 0 0 587647",
          "去抽奖 1 0 0 0 587647",
          "去抽奖 1 0 0 0 587647",
          "去抽奖 1 0 0 0 587647",
          "去抽奖 1 0 0 0 1000004064",
          "去抽奖 1 0 0 0 1000004064",
          "去抽奖 1 0 0 0 1000004064",
          "去抽奖 1 0 0 0 1000004064",
          "去抽奖 1 0 0 0 1000004064",
          "去抽奖 1 0 0 0 1000004064",
          "去抽奖 1 0 0 0 1000004064",
          "去抽奖 1 0 0 0 1000004064",
          "去抽奖 1 0 0 0 1000004064",
          "去抽奖 1 0 0 0 1000004064",
          "去抽奖 1 0 0 0 1000004064",
          "去抽奖 1 0 0 0 13132",
          "去抽奖 1 0 0 0 13132",
          "去抽奖 1 0 0 0 13132",
          "去抽奖 1 0 0 0 13132",
          "去抽奖 1 0 0 0 13132",
          "去抽奖 1 0 0 0 13132",
          "去抽奖 1 0 0 0 13132",
          "去抽奖 1 0 0 0 13132",
          "去抽奖 1 0 0 0 13132",
          "去抽奖 1 0 0 0 13132",
          "去抽奖 1 0 0 0 13132",
          "去抽奖 1 0 0 0 1000002662",
          "去抽奖 1 0 0 0 1000002662",
          "去抽奖 1 0 0 0 1000002662",
          "去抽奖 1 0 0 0 1000002662",
          "去抽奖 1 0 0 0 1000002662",
          "去抽奖 1 0 0 0 1000002662",
          "去抽奖 1 0 0 0 1000002662",
          "去抽奖 1 0 0 0 1000002662",
          "去抽奖 1 0 0 0 1000002662",
          "去抽奖 1 0 0 0 1000002662",
          "去抽奖 1 0 0 0 1000002662",
          "去抽奖 1 0 0 0 1000002499",
          "去抽奖 1 0 0 0 1000002499",
          "去抽奖 1 0 0 0 1000002499",
          "去抽奖 1 0 0 0 1000002499",
          "去抽奖 1 0 0 0 1000002499",
          "去抽奖 1 0 0 0 1000002499",
          "去抽奖 1 0 0 0 1000002499",
          "去抽奖 1 0 0 0 1000002499",
          "去抽奖 1 0 0 0 1000002499",
          "去抽奖 1 0 0 0 1000002499",
          "去抽奖 1 0 0 0 1000014803",
          "去抽奖 1 0 0 0 1000014803",
          "去抽奖 1 0 0 0 1000014803",
          "去抽奖 1 0 0 0 1000014803",
          "去抽奖 1 0 0 0 1000014803",
          "去抽奖 1 0 0 0 1000014803",
          "去抽奖 1 0 0 0 1000014803",
          "去抽奖 1 0 0 0 1000014803",
          "去抽奖 1 0 0 0 1000014803",
          "去抽奖 1 0 0 0 1000014803"
        ]
      }
    ],
    "taskSelect": {
      "score": {
        "api": "nian_collectProduceScore",
        "title": "收爆竹",
        "function": "",
        "item": ["收爆竹 1 collectProducedCoin 0 0 0"]
      }
    }
  },
  "share": {
    "🔥 AppStore 500-45": "openapp.jdmobile://virtual?params={\"des\":\"m\",\"category\":\"jump\",\"url\":\"https://u.jd.com/IwsAryP\"}",
    "🔥 小年夜": "openapp.jdmobile://virtual?params={\"des\":\"m\",\"category\":\"jump\",\"url\":\"https://u.jd.com/It6BkN6\"}"
  }
}
