{
  "Snap_up": {
    "version": "2.5",
    "update": "https://www.icloud.com/shortcuts/f8b5038fbdab4532aaa2c795775457ca",
    "help": "https://docs.qq.com/doc/DWlFTc1FyUU1TY25o",
    "github": "https://github.com/LeecoGit/shortcuts/tree/master/Snap_up",
    "update_log": "* 增加内容识别特征\n* 优化全国访问速度",
    "notice": "购买前可以帮你看看有没有隐藏优惠券哦~\n历史价格查询接口维护中...",
    "tip": {
      "rondom": ["复制整段文案都可以识别，不用刻意复制链接哦！"]
    },
    "api_url": "http://home.cdn.80008800.xyz/api",
    "api_url2": "http://api.cdn.80008800.xyz/api.php",
    "tb": {
      "url_scheme": "taobao://",
      "tkl": {
        "regular_expression": "([\\p{Sc}\\(])\\w{8,12}([\\p{Sc}\\)])",
        "api_url": "http://home.cdn.80008800.xyz/api",
        "api_url_personal": "http://api.cdn.80008800.xyz/api",
        "json_tkl": "tbk_privilege_get_response.result.data.tkl",
        "json_coupon_click_url": "tbk_privilege_get_response.result.data.coupon_click_url",
        "json_item_url": "tbk_privilege_get_response.result.data.item_url",
        "json_coupon_info": "tbk_privilege_get_response.result.data.coupon_info",
        "json_coupon_type": "tbk_privilege_get_response.result.data.coupon_type",
        "json_max_commission_rate": "tbk_privilege_get_response.result.data.max_commission_rate"
      }
    },
    "jd": {
      "url_scheme": "openapp.jdmobile://virtual?params={\"des\":\"m\",\"category\":\"jump\",\"url\":\"URL\"}",
      "api_url": "http://home.cdn.80008800.xyz/api",
      "json": {
        "content": "content"
      }
    },
    "pdd": {
      "url_scheme": "pinduoduo://com.xunmeng.pinduoduo/URL"
    },
    "sn": {
      "url_scheme": "suning://m.suning.com/index?adTypeCode=1002&adId=URL",
      "api_url": "http://home.cdn.80008800.xyz/api",
      "json": {
        "content": "sn_responseContent.sn_body.queryBacthcustomlink.shortLink"
      }
    },
    "more": {
      "🧧 现金红包(12.8)": "taobao://m.tb.cn/h.4ffABfW",
      "🔥 年货节超级红包": "taobao://m.tb.cn/h.4RaMYQr",
      "加入QQ京东情报群": "https://jq.qq.com/?_wv=1027&k=5RvvpAp",
      "加入QQ淘宝情报群": "mqqapi://card/show_pslcard?src_type=internal&version=1&uin=622340333&card_type=group&source=qrcode&jump_from=&auth=&authSig=RPqW9VSePIx4jWxGhYLvMvfdLkFPydHzo50qyVwmb9zhPjv7lF3HnSRF5WuJfjaX&source_id=2_40001",
      "加入QQ讨论群": "https://jq.qq.com/?_wv=1027&k=5FenhoJ",
      "视频教程": "https://video.cdnvue.com/uploads/-2216775553683075363/video/b9PwmDl",
      "精选福利": {
        "饿了么现金红包": "taobao://m.tb.cn/h.4hbqRud"
      }
    },
    "more_little": {
      "视频教程": "https://video.cdnvue.com/uploads/-2216775553683075363/video/b9PwmDl"
    },
    "jjh": {
      "ok": "no",
      "tishi": "📋剪贴板为空，请检查一下哦~\n---------------------------------\n※猜测到你可能需要以下功能※\n\n(此为纯净版，请加群获取完整版)"
    }
  },
  "Google_drive_copy": {
    "version": "2.1",
    "update": "https://www.icloud.com/shortcuts/a581221316754223afe66fc3c6ca8e32",
    "more": [
      "搭建教程|http://blog.jialezi.net/?post=153",
      "加入TG群|https://t.me/helptag",
      "加入QQ群|https://jq.qq.com/?_wv=1027&k=5FenhoJ"
    ]
  },
  "Sign_in": {
    "version": "1.1",
    "update": "https://www.icloud.com/shortcuts/91af4b2564134654ad2dbc7bce54bbdf",
    "data": {
      "【京东】京东会员签到": "openapp.jdmobile://virtual?params={\"category\":\"jump\",\"des\":\"m\",\"url\":\"https://vip.m.jd.com/?&utm_source=iosapp&utm_medium=appshare&utm_campaign=t_335139774&utm_term=CopyURL&ad_od=share&ShareTm=sbQQcUMkZ4AZ4dzVzEWiwuvB%2BSRLNefWg3OxfaKnTdb8I9fVRndWFjw2wynEdJbNYQeN1N8y4HgFy8p3e%2BemJguCDq%2B9dNOW0Ke1zCMW2Tkfy4yJCOdEnAqD9z3NKYq8VHAFLpmVrUvxYyUyM/AFrxdMuwCm0PEl0NvaSsG%2BMrA=\"}",
      "【京东】京豆签到": "openapp.jdmobile://virtual?params={\"category\":\"jump\",\"des\":\"m\",\"url\":\"https://bean.m.jd.com/share/index.action?&utm_source=iosapp&utm_medium=appshare&utm_campaign=t_335139774&utm_term=CopyURL&ad_od=share&ShareTm=sPR%2BfxCcrAMyBuYZ%2BoZ2JcO2J5tl6T0CDcQ82VrzBQUgz8uQrvH26WuEyq23dLCx9NiW6H6MKbGLyEyFcqSRKQv1oegppTMXuN3qypHbeqRVv%2BZK4KmyTxyezhvEa1vYe0tL1EUJnPiSR76G76iuhCxozrl9gG0tPMMPTmWJObc=\"}",
      "【京东】京东大转盘": "openapp.jdmobile://virtual?params={\"category\":\"jump\",\"des\":\"m\",\"url\":\"https://turntable.m.jd.com/?actId=jgpqtzjhvaoym&appSource=jdmx\"}",
      "【京东】领券页面签到": "openapp.jdmobile://virtual?params={\"category\":\"jump\",\"des\":\"m\",\"url\":\"https://coupon.m.jd.com/center/getCouponCenter.action?categoryId=0&batchStr=00000\"}",
      "【支付宝】砸金蛋": "alipays://platformapi/startapp?saId=10000007&clientVersion=3.7.0.0718&qrcode=https://jupage.taobao.com/wow/tqg/act/zajindan",
      "【支付宝】会员领积分": "alipays://platformapi/startapp?appId=20000160&url=%2Fwww%2FmyPoints.html",
      "【支付宝】一分惊喜": "alipays://platformapi/startapp?appId=20000067&url=https://render.alipay.com/p/c/onemorething/home.html",
      "【支付宝】天天抽奖": "alipays://platformapi/startapp?appId=2018103161898599"
    },
    "more": {
      "加入QQ讨论群": "https://jq.qq.com/?_wv=1027&k=5FenhoJ",
      "加入QQ线报群": "https://jq.qq.com/?_wv=1027&k=5RvvpAp"
    }
  },
  "Chigua": {
    "version": "1.1",
    "update": "https://www.icloud.com/shortcuts/e28b4b92252d4caa8cf130e1d5f8d7b1",
    "news": "https://sourl.cn/MJZNSm",
    "contribution": "http://keeplearning.mikecrm.com/7vRUPWv"
  },
  "Ring": {
    "version": "1.3",
    "api": {
      "get_ring": "http://home.80008800.xyz:90/gitee/",
      "post_ring": "http://home.80008800.xyz:90/gitee/",
      "download": "https://gitee.com/leecogit/Updater/raw/master/shortcuts/ring/"
    },
    "update_tip": "发现新版本！请到社区或群获取更新~",
    "menu_tip": "☁️共享音效盒子☁️\n- 好咖啡要和朋友一起品尝\n- 好铃音也要和朋友一起分享",
    "share_title_tip": "请输入标题\n* 以下为参考模板可删除\n* 尽量精悍别脱离内容\n* 不要换行！！！",
    "share_title_default": "【充电】通用音效 part 1",
    "share_body_tip": "请输入你想说的话，不输入也没关系哦~",
    "share_content_tip": "请输入已编码的音效文本内容\n我已经自动输入你剪贴板的内容拉\n─=≡Σ(((つ•̀ω•́)つ\n温馨提醒:请尽量分享10秒以内的音效"
  },
  "Cat": {
    "version": "1.7",
    "update_log": "* 暴力解决顽固性不黑屏问题\n* 新增可选择性做任务\n* 新增停止后下次运行继续上次后面任务",
    "help": "https://docs.qq.com/doc/DWlFTc1FyUU1TY25o",
    "github": "https://github.com/leecobaby/shortcuts/tree/master/1111",
    "update": "https://www.icloud.com/shortcuts/bad13c54618343f8b32bc5698d70ec37",
    "faq": "https://docs.qq.com/doc/DWnVlUXlQU01DZ0NJ",
    "notice": "双12欢乐造自动任务已发布~\n关注公众号：Leeco爱分享",
    "tip": {
      "hongbao": "",
      "hot": "🔥 抢购助手能找隐藏优惠券和淘礼金哦~",
      "faq": "对欧莱雅有问题的请看",
      "set": "",
      "group": "",
      "more": ""
    },
    "image": "https://gitee.com/leecogit/Updater/raw/master/image/1111_cat.jpeg",
    "url": "https://gitee.com/leecogit/Updater/raw/master/1111.json"
  },
  "Taojb": {
    "version": "2.1",
    "update_log": "- 优化 指令兼容性\n- 优化 指令架构",
    "version_log": "https://github.com/leecobaby/shortcuts/tree/master/Taojb",
    "help": "https://docs.qq.com/doc/DWlFTc1FyUU1TY25o",
    "github": "https://github.com/leecobaby/shortcuts",
    "update": "https://www.icloud.com/shortcuts/1636796e5e674127a3835e92a6416526",
    "faq": "https://github.com/leecobaby/shortcuts/tree/master/TB.FAQ.md",
    "notice": "部分人淘金币有签到0.01元购物活动,请前往活动大厅~",
    "video": "https://video.cdnvue.com/uploads/-2216775553683075363/video/cSWee8G",
    "automation_url": "shortcuts://run-shortcut?name=淘金币自动任务&input=text&text=task",
    "tip": {
      "hongbao": "",
      "hot": "🔥 0.01元购活动中...",
      "taskEnd": "剩余没完成的任务请运行",
      "faq": "有疑问的请查看",
      "set": "",
      "team": "",
      "more": ""
    },
    "image": "https://gitee.com/leecogit/Updater/raw/master/image/tjb.png",
    "url": "https://gitee.com/leecogit/Updater/raw/master/tb.json"
  },
  "1212hlz": {
    "version": "1.8",
    "update_log": "* 修复天猫和特价版任务异常\n* 支持ipad用户正常任务\n* 优化多账号任务",
    "help": "https://docs.qq.com/doc/DWlFTc1FyUU1TY25o",
    "github": "https://github.com/leecobaby/shortcuts",
    "update": "https://www.icloud.com/shortcuts/9f74cfa4c2544ca08a9e4112f310f4b4",
    "faq": "https://docs.qq.com/doc/DWkFTb3JUVllZdFVC",
    "notice": "1.17有年货节超级红包\n最近年货年活动很多请关注活动大厅~",
    "video": "https://video.cdnvue.com/uploads/-2216775553683075363/video/cSWee8G",
    "automation_url": "shortcuts://run-shortcut?name=双12自动欢乐造&input=text&text=1",
    "tip": {
      "hongbao": "",
      "hot": "🔥 年货节活动中...",
      "tjb": "请配合食用",
      "faq": "有疑问的请查看",
      "set": "点击查看自动化操作",
      "team": "",
      "more": "新一期现金红包已发放"
    },
    "image": "https://gitee.com/leecogit/Updater/raw/master/image/1212_hlz.png",
    "url": "https://gitee.com/leecogit/Updater/raw/master/tb.json"
  },
  "Ttlhb": {
    "version": "1.0",
    "update_log": "* 初步实现自动任务\n* 支持自动化、多账号、ipad终端\n* 采用自动淘宝任务框架",
    "version_log": "https://github.com/leecobaby/shortcuts/tree/master/Ttlhb",
    "help": "https://docs.qq.com/doc/DWlFTc1FyUU1TY25o",
    "github": "https://github.com/leecobaby/shortcuts",
    "update": "https://www.icloud.com/shortcuts/9f74cfa4c2544ca08a9e4112f310f4b4",
    "faq": "https://docs.qq.com/doc/DWkFTb3JUVllZdFVC",
    "notice": "1.17有年货节超级红包\n最近年货年活动很多请关注活动大厅~",
    "video": "https://video.cdnvue.com/uploads/-2216775553683075363/video/cSWee8G",
    "automation_url": "shortcuts://run-shortcut?name=双12自动欢乐造&input=text&text=1",
    "image": "https://gitee.com/leecogit/Updater/raw/master/image/tb_ttlhb.png",
    "url": "https://gitee.com/leecogit/Updater/raw/master/tb.json",
    "tip": {
      "hongbao": "",
      "hot": "🔥 年货节活动中...",
      "tjb": "请配合食用",
      "faq": "有疑问的请查看",
      "set": "点击查看自动化操作",
      "team": "",
      "other": "",
      "more": "新一期现金红包已发放"
    }
  },
  "Jhs": {
    "version": "1.2",
    "update_log": "- 优化 指令兼容性\n- 优化 指令架构\n",
    "version_log": "https://github.com/leecobaby/shortcuts/tree/master/Jhs",
    "help": "https://docs.qq.com/doc/DWlFTc1FyUU1TY25o",
    "github": "https://github.com/leecobaby/shortcuts",
    "update": "https://www.icloud.com/shortcuts/971d0d7b54da4964905e7da2245bbf34",
    "faq": "https://github.com/leecobaby/shortcuts/tree/master/TB.FAQ.md",
    "notice": "最近星星能换广西券请关注活动大厅~\n出错的请去下最新版~",
    "video": "https://video.cdnvue.com/uploads/-2216775553683075363/video/cSWee8G",
    "automation_url": "shortcuts://run-shortcut?name=聚划算章鱼自动任务&input=text&text=task",
    "image": "https://gitee.com/leecogit/Updater/raw/master/image/tb_jhs.png",
    "url": "https://gitee.com/leecogit/Updater/raw/master/tb.json",
    "tip": {
      "hongbao": "",
      "hot": "🔥 年货节活动中...",
      "faq": "有疑问的请查看",
      "set": "点击查看自动化操作",
      "team": "",
      "other": "",
      "more": "可以领取美团红包了"
    }
  },
  "Hlzx": {
    "version": "1.3",
    "update_log": "- 修复一个自动化的bug\n- 修复iPad无法运行问题\n- 优化刷步的逻辑,解决无法刷上问题",
    "version_log": "https://github.com/leecobaby/shortcuts/tree/master/Hlzx",
    "help": "https://docs.qq.com/doc/DWlFTc1FyUU1TY25o",
    "github": "https://github.com/leecobaby/shortcuts",
    "update": "https://www.icloud.com/shortcuts/5eb344e14d164e11b861a962a0c9f55d",
    "faq": "https://docs.qq.com/doc/DWkFTb3JUVllZdFVC",
    "notice": "1.17有年货节超级红包\n最近年货年活动很多请关注活动大厅~",
    "video": "https://video.cdnvue.com/uploads/-2216775553683075363/video/cSWee8G",
    "automation_url": "shortcuts://run-shortcut?name=活力中心自动任务&input=text&text=task",
    "image": "https://gitee.com/leecogit/Updater/raw/master/image/tb_hlzx.png",
    "url": "https://gitee.com/leecogit/Updater/raw/master/tb.json",
    "tip": {
      "hongbao": "",
      "hot": "🔥 年货节活动中...",
      "faq": "有疑问的请查看",
      "set": "点击查看自动化操作",
      "team": "",
      "other": "",
      "more": ""
    }
  },
  "FarmSingle": {
    "version": "1.3",
    "update_log": "- 增加 对集福气活动的支持\n- 增加 助力大厅\n- 优化 自动化引导\n- 优化 常见问题",
    "version_log": "https://github.com/leecobaby/shortcuts/tree/master/FarmSingle",
    "help": "https://docs.qq.com/doc/DWlFTc1FyUU1TY25o",
    "github": "https://github.com/leecobaby/shortcuts",
    "update": "https://www.icloud.com/shortcuts/fb658f1450ba4a37901864fa98edea59",
    "faq": "https://github.com/leecobaby/shortcuts/tree/master/TB.FAQ.md",
    "notice": "🧧超级红包要过期了~\n快去指令-更多去抢现金红包叠加使用~",
    "video": "https://video.cdnvue.com/uploads/-2216775553683075363/video/cSWee8G",
    "automation_url": "shortcuts://run-shortcut?name=芭芭农场自动集肥料&input=text&text=task",
    "autobox": "https://github.com/leecobaby/shortcuts/tree/master/AutoBox",
    "image": "https://gitee.com/leecogit/Updater/raw/master/image/tb_jfq.png",
    "url": "https://gitee.com/leecogit/Updater/raw/master/tb.json",
    "tip": {
      "hongbao": "",
      "hot": "🔥 21号红包加码...",
      "faq": "有疑问的请查看",
      "set": "点击查看自动化操作",
      "team": "",
      "other": "",
      "more": ""
    }
  },
  "Qmxb": {
    "version": "1.0",
    "update_log": "- 自动化直接从头开始任务\n- 修复自动化的一个bug\n- 增加模块化接口",
    "version_log": "https://github.com/leecobaby/shortcuts/tree/master/Qmxb",
    "help": "https://docs.qq.com/doc/DWlFTc1FyUU1TY25o",
    "github": "https://github.com/leecobaby/shortcuts",
    "update": "https://www.icloud.com/shortcuts/41c24c8c3d0e4fa48d1cfcbf8a8d590d",
    "faq": "https://docs.qq.com/doc/DWkFTb3JUVllZdFVC",
    "notice": "初代版本任务数据很少,后期逐步完善\n公众号：Leeco爱分享",
    "video": "https://video.cdnvue.com/uploads/-2216775553683075363/video/cSWee8G",
    "automation_url": "shortcuts://run-shortcut?name=全民寻宝自动任务&input=text&text=task",
    "image": "https://gitee.com/leecobaby/Updater/raw/master/image/tb_qmxb.png",
    "url": "https://gitee.com/leecobaby/Updater/raw/master/tb.json",
    "tip": {
      "hongbao": "",
      "hot": "",
      "faq": "有疑问的请查看",
      "set": "点击查看自动化操作",
      "team": "",
      "other": "",
      "more": ""
    }
  },
  "ltao_duck": {
    "version": "1.1",
    "update_log": "",
    "version_log": "https://github.com/leecobaby/shortcuts/tree/master/ltao_duck",
    "help": "",
    "github": "https://github.com/leecobaby/shortcuts",
    "update": "https://www.icloud.com/shortcuts/96fd4ffff90840f5a65d10f0fe1d5f5e",
    "faq": "https://github.com/leecobaby/shortcuts/tree/master/TB.FAQ.md",
    "notice": "如果打开淘宝客户端请手动去设置成特价版客户端~\n尽量在合成完鸭之后再做任务可得更多金币~\n没有使用过特价版的新用户可能无法参加任务,可以先去活动中心参与特价版新人活动~",
    "video": "https://video.cdnvue.com/uploads/-2216775553683075363/video/cSWee8G",
    "automation_url": "shortcuts://run-shortcut?name=淘特-发财鸭&input=text&text=task",
    "autobox": "https://github.com/leecobaby/shortcuts/tree/master/AutoBox",
    "image": "https://gitee.com/leecogit/Updater/raw/master/image/ltao.png",
    "url": "https://gitee.com/leecogit/Updater/raw/master/tb.json",
    "tip": {
      "hongbao": "",
      "hot": "🔥 特价版新人活动中...",
      "faq": "有疑问的请查看",
      "set": "点击查看自动化操作",
      "team": "",
      "other": "",
      "more": ""
    }
  },
  "AutoBox": {
    "version": "1.1",
    "update_log": "- 增加 使用教程、常见问题、先关内容\n- 修复 ios13 无法使用问题\n- 修复 单个订阅模块导致配置时出错问题\n- 优化 商城 API 访问逻辑",
    "update": "https://www.icloud.com/shortcuts/56b8b66dca6043e1ae364ffae170aa53",
    "about": {
      "tutorials": "https://github.com/leecobaby/shortcuts/tree/master/AutoBox#使用教程",
      "faq": "https://github.com/leecobaby/shortcuts/tree/master/AutoBox#常见问题",
      "version_log": "https://github.com/leecobaby/shortcuts/tree/master/AutoBox#版本日志"
    },
    "help": "https://docs.qq.com/doc/DWlFTc1FyUU1TY25o",
    "github": "https://github.com/leecobaby/shortcuts",
    "faq": "https://docs.qq.com/doc/DWkFTb3JUVllZdFVC",
    "notice": "欢迎各位作者来提交模块~\n初代版本有很多问题,如果不会用请等待教程和新版~",
    "video": "https://video.cdnvue.com/uploads/-2216775553683075363/video/cSWee8G",
    "automation_url": "shortcuts://run-shortcut?name=AutoBox&input=text&text=",
    "image": "https://gitee.com/leecogit/Updater/raw/master/image/icon-bot.png",
    "submit": "https://gitee.com/leecogit/auto-box/issues/new",
    "tip": {
      "hongbao": "",
      "hot": "",
      "faq": "",
      "set": "",
      "team": "",
      "other": "",
      "more": ""
    }
  },
  "JD_sign": {
    "version": "1.2",
    "update_log": "- 修复 授权登录方式\n- 修复 一些问题\n- 优化 架构",
    "about": {
      "faq": "https://github.com/leecobaby/shortcuts/tree/master/JD.FAQ.md",
      "version_log": "https://github.com/leecobaby/shortcuts/tree/master/JD_sign#版本日志"
    },
    "help": "",
    "github": "https://github.com/leecobaby/shortcuts",
    "update": "https://www.icloud.com/shortcuts/7700808a249a480895b03f3c5a64ea40",
    "notice": "初步实现京东10种签到功能~\n初代版本暂不支持显示奖励明细~",
    "video": "",
    "automation_url": "shortcuts://run-shortcut?name=京东-多合一签到&input=text&text=task",
    "image": "https://gitee.com/leecobaby/Updater/raw/master/image/jd_jd.png",
    "url": "https://gitee.com/leecobaby/Updater/raw/master/jd.json",
    "scritable": "https://gitee.com/leecogit/Updater/raw/master/getJDCookie.js",
    "tip": {
      "hongbao": "",
      "hot": "",
      "faq": "有疑问的请查看",
      "set": "",
      "team": "",
      "other": "",
      "more": ""
    }
  },
  "JD_nian": {
    "version": "2.4",
    "update_log": "- 满足 部分未满级用户需求\n- 修复 活动接口失效问题",
    "about": {
      "faq": "https://github.com/leecobaby/shortcuts/tree/master/JD.FAQ.md",
      "version_log": "https://github.com/leecobaby/shortcuts/tree/master/JD_nian#版本日志"
    },
    "help": "",
    "github": "https://github.com/leecobaby/shortcuts",
    "update": "https://www.icloud.com/shortcuts/25e31c00c44041aeba2aa1fc62f0c969",
    "notice": "考虑到部分未满级用户需求在更新个版本\n如果会报错,只选择做剩余任务\n东东农场制作中,see you later~",
    "video": "https://video.cdnvue.com/uploads/-2216775553683075363/video/cSWee8G",
    "automation_url": "shortcuts://run-shortcut?name=京东-炸年兽&input=text&text=task",
    "image": "https://gitee.com/leecogit/Updater/raw/master/image/jd_nian.png",
    "scritable": "https://gitee.com/leecogit/Updater/raw/master/getJDCookie.js",
    "url": "https://gitee.com/leecogit/Updater/raw/master/jd.json",
    "tip": {
      "hongbao": "",
      "hot": "🔥 年货节活动中...",
      "faq": "有疑问的请查看",
      "set": "",
      "team": "",
      "other": "",
      "more": ""
    }
  },
  "Alipay_wufu": {
    "version": "1.0",
    "update_log": "",
    "help": "",
    "github": "https://github.com/leecobaby/shortcuts",
    "update": "",
    "notice": "汇总一些集五福的渠道资源,祝你早日集满~",
    "image": "https://gitee.com/leecogit/Updater/raw/master/image/alipay_wufu.png",
    "url": "https://gitee.com/leecogit/Updater/raw/master/alipay.json",
    "tip": {
      "hongbao": "",
      "hot": "🔥 集五福活动中...",
      "faq": "",
      "set": "",
      "team": "",
      "other": "",
      "more": ""
    }
  },
  "More": {
    "加入QQ讨论群": "https://jq.qq.com/?_wv=1027&k=5FenhoJ",
    "加入QQ情报群": "https://jq.qq.com/?_wv=1027&k=5RvvpAp",
    "其他捷径作品": "https://shimo.im/docs/DHcYv8xjcYxvHvQg/",
    "🧧 现金红包(12.8)": "taobao://m.tb.cn/h.4ffABfW",
    "🔥 年货节超级红包": "taobao://m.tb.cn/h.4RaMYQr",
    "饿了么现金红包": "taobao://m.tb.cn/h.4hbqRud"
  },
  "jjh": {
    "ok": "yes",
    "tishi": "📋剪贴板为空，请检查一下哦~\n---------------------------------\n※猜测到你可能需要以下功能※\n\n(此为纯净版，请加群获取完整版)",
    "hongbao": "alipays://platformapi/startapp?appId=88886666&appClearTop=false&target=groupPre&bizType=CROWD_CODE_CASH&crowdNo=202006200206302127940823700055790860&universalDetail=true&clientVersion=10.0.0-5&prevBiz=code&sign=52e3fa8195d4210bd1e7ecc8ba907b25c428533179eff3f91421b22ee04907a2&schemeMode=reInside&source=passcode"
  },
  "Contact": {
    "qq": "mqq://card/show_pslcard?src_type=internal&version=1&uin=1917019372&card_type=person&source=sharecard",
    "qqGroup": "mqqapi://card/show_pslcard?src_type=internal&version=1&uin=605346047&card_type=group&source=qrcode&jump_from=&auth=&authSig=tFaEzF1AcIK130YGfSHWJ15xFQh6kzpeUL3KIkWmoaCCsN7AAATFaWqFUiXeNM4W&source_id=2_40001",
    "tgGroup": "",
    "email": "leeco@vip.qq.com"
  },
  "more": {
    "mode": "more1",
    "tip": "新一期现金红包已发放",
    "more0": {
      "加入QQ讨论群": "https://jq.qq.com/?_wv=1027&k=5FenhoJ"
    },
    "more1": {
      "👥 加入QQ讨论群②": "https://jq.qq.com/?_wv=1027&k=pF9LvHgH",
      "👥 加入TG讨论群": "https://t.me/xuehaushe_chat",
      "👥 加入QQ情报群": "mqqapi://card/show_pslcard?src_type=internal&version=1&uin=794151741&card_type=group&source=qrcode&jump_from=&auth=&authSig=QyhXG1SXGxWaEgClRfq4X7ueegscoHfN1r/027RrqaHsSfj8sR3Y7TzV6VwHx2IM&source_id=2_40001",
      "📱 其他捷径作品": "https://github.com/leecobaby/shortcuts",
      "🧧 外卖红包": {
        "美团红包   新用户最高领56元礼包": {
          "已安装app": "imeituan://www.meituan.com/web?lch=cps:waimai:3:a144a9fa40a42c55af00214bb4bb3993971:6232dingdanxialeeco&url=https%3A%2F%2Frunion.meituan.com%2Furl%3Fkey%3Da144a9fa40a42c55af00214bb4bb3993971%26url%3Dhttps%253A%252F%252Fi.meituan.com%252Fawp%252Fhfe%252Fblock%252Fa945391288b790d558b7%252F78716%252Findex.html%253Fappkey%253Da144a9fa40a42c55af00214bb4bb3993971%253A6232dingdanxialeeco%26sid%3D6232dingdanxialeeco",
          "未安装app": "https://w.dianping.com/cube/evoke/growcps/meituan.html?lch=cps:waimai:1:a144a9fa40a42c55af00214bb4bb3993971:6232dingdanxialeeco&url=https%3A%2F%2Frunion.meituan.com%2Furl%3Fkey%3Da144a9fa40a42c55af00214bb4bb3993971%26url%3Dhttps%253A%252F%252Fi.meituan.com%252Fawp%252Fhfe%252Fblock%252Fa945391288b790d558b7%252F78716%252Findex.html%253Fappkey%253Da144a9fa40a42c55af00214bb4bb3993971%253A6232dingdanxialeeco%26sid%3D6232dingdanxialeeco"
        },
        "饿了么现金红包   部分老用户有12无门槛补贴": "taobao://m.tb.cn/h.4hbqRud"
      },
      "🧧 现金红包-1.25": "taobao://m.tb.cn/h.48rSYTG"
    },
    "more2": {
      "加入QQ讨论群": "https://jq.qq.com/?_wv=1027&k=5FenhoJ",
      "加入QQ京东情报群": "https://jq.qq.com/?_wv=1027&k=5RvvpAp",
      "加入QQ淘宝情报群": "mqqapi://card/show_pslcard?src_type=internal&version=1&uin=622340333&card_type=group&source=qrcode&jump_from=&auth=&authSig=RPqW9VSePIx4jWxGhYLvMvfdLkFPydHzo50qyVwmb9zhPjv7lF3HnSRF5WuJfjaX&source_id=2_40001",
      "其他捷径作品": "https://shimo.im/docs/DHcYv8xjcYxvHvQg/",
      "🧧 现金红包(12.8)": "taobao://m.tb.cn/h.4ffABfW",
      "平台红包": {
        "饿了么现金红包": "taobao://m.tb.cn/h.4hbqRud",
        "支付宝现金红包": "taobao://m.tb.cn/h.VzY0yti"
      }
    }
  }
}
