{
  "Taojb": {
    "version": "数据库版本:2.10.1",
    "image": "https://gitee.com/leecogit/Updater/raw/master/image/tjb.png",
    "pv": {
      "taobao": "taobao://m.tb.cn/h.49SUzMg",
      "tmall": "tmall://page.tm/appLink?&action=ali.open.nav&h5Url=https%3A%2F%2Fm.tb.cn%2Fh.49SUzMg",
      "taobaolite": "taobaolite://m.tb.cn/h.49SUzMg"
    },
    "main": {
      "taobao": "taobao://m.taobao.com/tbopen/index.html?h5Url=https://m.taobao.com",
      "tmall": "tmall://page.tm/appLink?&action=ali.open.nav&h5Url=https%3A%2F%2Fwww.tmall.com%2F",
      "taobaolite": "taobaolite://m.ltao.com/open/index.html?action=ali.open.nav&h5Url=taobaolite%3A%2F%2Fm.ltao.com%2Fhomepage%3F"
    },
    "home": {
      "taobao": "taobao://pages.tmall.com/wow/z/tmtjb/town/home?disableNav=YES",
      "tmall": "tmall://page.tm/appLink?&action=ali.open.nav&h5Url=https%3A%2F%2Fpages.tmall.com%2Fwow%2Fz%2Ftmtjb%2Ftown%2Fhome%3FdisableNav%3DYES",
      "taobaolite": "taobaolite://pages.tmall.com/wow/z/tmtjb/town/home?disableNav=YES"
    },
    "end": {
      "taobao": "taobao://pages.tmall.com/wow/z/tmtjb/town/task?wh_biz=tm&disableNav=YES",
      "tmall": "tmall://page.tm/appLink?&action=ali.open.nav&h5Url=https%3A%2F%2Fpages.tmall.com%2Fwow%2Fz%2Ftmtjb%2Ftown%2Ftask%3Fwh_biz%3Dtm%26disableNav%3DYES",
      "taobaolite": "taobaolite://pages.tmall.com/wow/z/tmtjb/town/task?wh_biz=tm&disableNav=YES"
    },
    "app": {
      "淘宝": "taobao",
      "天猫": "tmall",
      "淘宝特价版": "taobaolite"
    },
    "task": [
      {
        "energy": {
          "title": "攒能量",
          "type": "energy",
          "urlScheme": "HTTPS://pages.tmall.com/wow/a/act/tmall/dailygroup/796/wupr?wh_pid=daily-216010&fromToken=bXNvd52Iv9Jp0n5QS9NuPoNiYh6UV&spm=a217e.xzrwy.1.1&sceneId=367&sourceType=other&hd_from_id=100005&deliveryId=",
          "textEnd": "str1&implId=str2",
          "item": [
            "6022 other_0_0_6022_0",
            "3074 other_0_0_3074_0",
            "3147 other_0_0_3147_0",
            "2643 other_0_0_2643_0",
            "3505 other_0_0_3505_0",
            "2771 other_0_0_2771_0",
            "3511 other_0_0_3511_0",
            "5138 other_0_61120_5138_0",
            "6004 other_0_3809_6004_0",
            "5997 other_0_0_5997_0",
            "5995 other_0_0_5995_0",
            "3134 other_0_0_3134_0",
            "2706 other_0_0_2706_0",
            "2675 other_0_0_2675_0",
            "6953 other_0_318900_6953_0",
            "6023 other_0_3000002_6023_0",
            "5984 other_0_50008_5984_0",
            "3510 other_0_0_3510_0",
            "3073 other_0_0_3073_0",
            "6016 expo_0_45001_6016_0",
            "6007 other_0_92911037_6007_0",
            "4441 cloudSailAd_0_394249587_4441_0",
            "6737 expo_0_1200000013_6737_0",
            "3782 daily_0_91215489_3782_0",
            "4436 cloudSailAd_0_3386383_4436_0",
            "6216 other_0_1000000019_6216_0",
            "3810 other_0_210010_3810_0",
            "7665 other_0_0_7665_0",
            "3958 other_0_0_3958_0",
            "4853 other_0_210005_4853_0",
            "6809 expo_0_45007_6809_0",
            "6096 expo_0_100207234511_6096_0",
            "8148 tjbLive_0_291119184269_8148_0",
            "8147 tjbLive_0_290470307729_8147_0",
            "8265 tjbShop_0_2204109362103_8265_0",
            "5252 other_0_91227356_5252_0",
            "8032 other_0_9251409_8032_0",
            "8284 other_0_0_8284_0",
            "8292 other_0_91333000_8292_0",
            "8394 expo_0_1200000013_8394_0",
            "8394 other_0_1000000019_8394_1",
            "9111 other_0_9138430_9111_0",
            "8455 video_0_9098311_8455_0",
            "8943 other_0_210111_8943_0",
            "2681 other_0_0_2681_0",
            "8155 expo_0_1000000030_8155_0",
            "10684 expo_0_1200000013_10684_0",
            "10647 other_0_0_10647_0",
            "9735 other_0_0_9735_0",
            "10703 other_0_0_10703_0",
            "10671 other_0_0_10671_0",
            "8032 other_0_9091409_8032_0"
          ]
        }
      },
      {
        "shop": {
          "title": "逛店铺",
          "type": "shop",
          "urlScheme": "HTTPS://pages.tmall.com/wow/z/tmtjb/tjbshop/coin_shops_task?wh_biz=tm&disableNav=YES&shopId=316875470&wh_dataservice=false&topIds=627271339615,606672835326,625829607411&spm=a217e.17632374&sourceId=",
          "textEnd": "str1",
          "item": [
            "2027551265 0",
            "3173651031 0",
            "767303689 0",
            "439649406 0",
            "3081047815 0",
            "1803764140 0",
            "3055672510 0",
            "304639978 0"
          ]
        }
      }
    ],
    "taskEndEnergy": [
      {
        "energy": {
          "title": "攒剩余能量",
          "type": "energy",
          "urlScheme": "HTTPS://pages.tmall.com/wow/a/act/tmall/dailygroup/796/wupr?wh_pid=daily-216010&fromToken=bXNvd52Iv9Jp0n5QS9NuPoNiYh6UV&spm=a217e.xzrwy.1.1&sceneId=367&sourceType=other&hd_from_id=100005&deliveryId=",
          "textEnd": "str1&implId=str2",
          "item": [
            "5984 other_0_91209094_5984_1",
            "6004 other_0_92209598_6004_1",
            "6023 other_0_3000003_6023_1",
            "6016 expo_0_45001_6016_1",
            "5252 other_0_91227357_5252_1",
            "6216 other_0_1000000019_6216_1",
            "8265 tjbShop_0_2204109362104_8265_0",
            "8394 expo_0_1200000014_8394_1",
            "8394 other_0_1000000019_8394_1"
          ]
        }
      }
    ],
    "taskAchievement": [
      {
        "achievement": {
          "title": "做金币成就",
          "type": "achievement",
          "urlScheme": "HTTPS://market.m.taobao.com/apps/market/tjb/achievement-commodity.html?wh_weex=true&wx_navbar_transparent=true&achievementType=1&spm=a217e.achievement.btn1&achievementSetId=",
          "textEnd": "str1",
          "item": [
            "301000060 0",
            "301000061 0",
            "301000063 0",
            "301000064 0",
            "301000065 0",
            "301000067 0",
            "301000068 0",
            "301000069 0",
            "301000070 0",
            "301000071 0",
            "301000072 0",
            "301000078 0",
            "301000079 0",
            "301000080 0",
            "301000082 0",
            "301000084 0",
            "301000095 0"
          ]
        }
      }
    ]
  },
  "1212hlz": {
    "version": "数据库版本:12.11.1",
    "gd": "HTTPS://m.tb.cn/h.443HPo4",
    "end": "HTTPS://pages.tmall.com/wow/z/tmtjb/town/1212-home?wh_biz=tm&disableNav=YES",
    "hongbao": "taobao://m.tb.cn/h.44CiYjQ",
    "main": "HTTPS://m.taobao.com/tbopen/index.html?h5Url=https://m.taobao.com",
    "image": "https://gitee.com/leecogit/Updater/raw/master/image/tjb.png",
    "home": "HTTPS://pages.tmall.com/wow/z/tmtjb/town/1212-home?wh_biz=tm&disableNav=YES",
    "appurl": {
      "main": {
        "taobao": "taobao://m.taobao.com/tbopen/index.html?h5Url=https://m.taobao.com",
        "tmall": "tmall://page.tm/appLink?&action=ali.open.nav&h5Url=https%3A%2F%2Fwww.tmall.com%2F",
        "taobaolite": "taobaolite://m.ltao.com/open/index.html?action=ali.open.nav&h5Url=taobaolite%3A%2F%2Fm.ltao.com%2Fhomepage%3F"
      },
      "urlScheme": {
        "tmall": "HTTPS://pages.tmall.com/wow/a/act/tmall/dailygroup/796/wupr?wh_pid=daily-216010&subSource=catsmoney&fromToken=nEVprJNI2RKjxp6ZsLJuA7lS5UNUv&spm=a217e.1212.tasklist.0&sceneId=885&sourceType=other&hd_from_id=100079&deliveryId=",
        "taobaolite": "HTTPS://pages.tmall.com/wow/a/act/tmall/dailygroup/796/wupr?wh_pid=daily-216010&subSource=catsmoney&fromToken=nEVprJNI2RKjxp6ZsLJuA7lS5UNUv&spm=a217e.1212.tasklist.0&sceneId=885&sourceType=other&hd_from_id=100079&deliveryId="
      }
    },
    "app": {
      "淘宝": "taobao",
      "天猫": "tmall",
      "淘宝特价版": "taobaolite"
    },
    "task": [
      {
        "shop": {
          "title": "逛店铺Ⅰ ⑧次",
          "type": "shop",
          "urlScheme": "HTTPS://lancome.m.tmall.com/?shop_id=115862174&shopSourceChannel=tao_ji_mu%3A4117002&adScene=202012-ad-card-wall-1&hd_from_id=100079&sceneId=885&deliveryId=",
          "textEnd": "str1&implId=str2",
          "item": [
            "7939 cloudSailAd_0_404595571_7939_0",
            "7939 cloudSailAd_0_404595572_7939_0",
            "7939 cloudSailAd_0_404595573_7939_0",
            "7939 cloudSailAd_0_404595574_7939_0",
            "7939 cloudSailAd_0_404595575_7939_0",
            "7939 cloudSailAd_0_404595576_7939_0",
            "7939 cloudSailAd_0_404595577_7939_0",
            "7939 cloudSailAd_0_404595578_7939_0"
          ]
        }
      },
      {
        "top": {
          "title": "逛榜单 ⑤次",
          "type": "top",
          "urlScheme": "HTTPS://huodong.taobao.com/wow/a/act/tao/tmc/28758/3705/wupr?disableNav=YES&fromToken=Jw7xKO0IJ90dYL5ehndF9wbukUPUR&sceneId=885&itemId=613643090033&dczt_module_id=19173&expo_id=224280025&srcinfo=mainexpo_1&wh_pid=industry-224280&showCustomNav=true&wh_biz=tm&sourceType=other&hd_from_id=100079&deliveryId=",
          "textEnd": "str1&implId=str2",
          "item": [
            "7827 expo_0_2031256021_7827_0",
            "7827 expo_0_2031256022_7827_0",
            "7827 expo_0_2031256023_7827_0",
            "7827 expo_0_2031256024_7827_0",
            "7827 expo_0_2031256025_7827_0"
          ]
        }
      },
      {
        "hall": {
          "title": "逛会场Ⅰ ⑮次",
          "type": "hall",
          "urlScheme": "HTTPS://huodong.taobao.com/wow/a/act/tao/tmc/28758/3705/wupr?disableNav=YES&fromToken=Jw7xKO0IJ90dYL5ehndF9wbukUPUR&sceneId=885&itemId=613643090033&dczt_module_id=19173&expo_id=224280025&srcinfo=mainexpo_1&wh_pid=industry-224280&showCustomNav=true&wh_biz=tm&sourceType=other&hd_from_id=100079&deliveryId=",
          "textEnd": "str1&implId=str2",
          "item": [
            "8021 expo_0_2031256021_8021_0",
            "8021 expo_0_2031256022_8021_0",
            "8021 expo_0_2031256023_8021_0",
            "8021 expo_0_2031256024_8021_0",
            "8021 expo_0_2031256025_8021_0",
            "8021 expo_0_2031256026_8021_0",
            "8021 expo_0_2031256027_8021_0",
            "8021 expo_0_2031256028_8021_0",
            "8021 expo_0_2031256029_8021_0",
            "8021 expo_0_2031256030_8021_0",
            "8021 expo_0_2031256031_8021_0",
            "8021 expo_0_2031256032_8021_0",
            "8021 expo_0_2031256033_8021_0",
            "8021 expo_0_2031256034_8021_0",
            "8021 expo_0_2031256035_8021_0"
          ]
        }
      },
      {
        "hall2": {
          "title": "逛会场Ⅱ ⑤次",
          "type": "hall",
          "urlScheme": "HTTPS://huodong.taobao.com/wow/a/act/tao/tmc/28758/3705/wupr?disableNav=YES&fromToken=Jw7xKO0IJ90dYL5ehndF9wbukUPUR&sceneId=885&itemId=613643090033&dczt_module_id=19173&expo_id=224280025&srcinfo=mainexpo_1&wh_pid=industry-224280&showCustomNav=true&wh_biz=tm&sourceType=other&hd_from_id=100079&deliveryId=",
          "textEnd": "str1&implId=str2",
          "item": [
            "7821 expoExtra_0_225971001_7821_0",
            "7821 expoExtra_0_225971002_7821_0",
            "7821 expoExtra_0_225971003_7821_0",
            "7821 expoExtra_0_225971004_7821_0",
            "7821 expoExtra_0_225971005_7821_0"
          ]
        }
      },
      {
        "hall3": {
          "title": "逛会场Ⅲ ⑤次",
          "type": "hall",
          "urlScheme": "HTTPS://huodong.taobao.com/wow/a/act/tao/tmc/28758/3705/wupr?disableNav=YES&fromToken=Jw7xKO0IJ90dYL5ehndF9wbukUPUR&sceneId=885&itemId=613643090033&dczt_module_id=19173&expo_id=224280025&srcinfo=mainexpo_1&wh_pid=industry-224280&showCustomNav=true&wh_biz=tm&sourceType=other&hd_from_id=100079&deliveryId=",
          "textEnd": "str1&implId=str2",
          "item": [
            "8079 expo_0_2031260021_8079_0",
            "8079 expo_0_2031260022_8079_0",
            "8079 expo_0_2031260023_8079_0",
            "8079 expo_0_2031260024_8079_0",
            "8079 expo_0_2031260025_8079_0"
          ]
        }
      },
      {
        "search": {
          "title": "逛搜索 ⑤次",
          "type": "search",
          "urlScheme": "HTTPS://huodong.taobao.com/wow/a/act/tao/tmc/28758/3705/wupr?disableNav=YES&fromToken=Jw7xKO0IJ90dYL5ehndF9wbukUPUR&sceneId=885&itemId=613643090033&dczt_module_id=19173&expo_id=224280025&srcinfo=mainexpo_1&wh_pid=industry-224280&showCustomNav=true&wh_biz=tm&sourceType=other&hd_from_id=100079&deliveryId=",
          "textEnd": "str1&implId=str2",
          "item": [
            "7824 interactionSearch_0_1205429531_7824_0",
            "7824 interactionSearch_0_1205429532_7824_0",
            "7824 interactionSearch_0_1205429533_7824_0",
            "7824 interactionSearch_0_1205429534_7824_0",
            "7824 interactionSearch_0_1205429535_7824_0"
          ]
        }
      },
      {
        "other": {
          "title": "逛其他 N次",
          "type": "other",
          "urlScheme": "HTTPS://pages.tmall.com/wow/a/act/tmall/dailygroup/796/wupr?disableNav=YES&wh_pid=daily-216010&subSource=catsmoney&fromToken=nEVprJNI2RKjxp6ZsLJuA7lS5UNUv&spm=a217e.1212.tasklist.0&sceneId=885&sourceType=other&hd_from_id=100079&deliveryId=",
          "textEnd": "str1&implId=str2",
          "item": [
            "7521 other_0_1_7521_0",
            "7448 other_0_53051_7448_0",
            "7469 other_0_65001_7469_0",
            "7438 other_0_52005_7438_0",
            "7449 other_0_57068_7449_0",
            "7459 other_0_42053_7459_0",
            "7442 other_0_55079_7442_0",
            "7441 other_0_53050_7441_0",
            "7817 other_0_54002_7817_0",
            "7568 other_0_53054_7568_0",
            "7825 other_0_63001_7825_0",
            "7454 other_0_67001_7454_0",
            "7818 expo_0_56001_7818_0",
            "8066 other_0_60002_8066_0",
            "8072 other_0_54002_8072_0",
            "7826 other_0_57071_7826_0"
          ]
        }
      },
      {
        "farm": {
          "title": "逛亲亲农场",
          "type": "farm",
          "urlScheme": "HTTPS://pages.tmall.com/wow/z/tmtjb/town/quanmin?wh_biz=tm&wh_showError=true&sceneId=892&hd_from_id=100079&disableNav=YES&deliveryId=",
          "textEnd": "str1&implId=str2",
          "item": ["7593 expo_0_59001_7593_0"]
        }
      }
    ],
    "taskSpecial": {
      "taskKey": {
        "tblite": 1
      },
      "task": [
        {
          "tblite": {
            "title": "淘宝特价版",
            "type": "tblite",
            "urlScheme": "taobaolite://m.ltao.com/open/index.html?action=ali.open.nav&module=h5&bootImage=0&source=ltao_detail_h5&packageName=com.taobao.litetao&bc_fl_src=taobaolite_dld_&h5Url=taobaolite%3A%2F%2Fm.ltao.com%2Fhomepage%3F",
            "item": ["1 0"]
          }
        }
      ]
    }
  },
  "ttlhb": {
    "version": "数据库版本:12.10.1",
    "gd": "HTTPS://m.tb.cn/h.49SUzMg",
    "end": "HTTPS://pages.tmall.com/wow/an/tmall/user-growth/play-tmall?disableNav=YES",
    "hongbao": "taobao://m.tb.cn/h.44CiYjQ",
    "main": "HTTPS://m.taobao.com/tbopen/index.html?h5Url=https://m.taobao.com",
    "image": "https://gitee.com/leecogit/Updater/raw/master/image/tb_ttlhb.png",
    "home": "HTTPS://pages.tmall.com/wow/an/tmall/user-growth/play-tmall?disableNav=YES",
    "appurl": {
      "main": {
        "taobao": "taobao://m.taobao.com/tbopen/index.html?h5Url=https://m.taobao.com",
        "tmall": "tmall://page.tm/appLink?&action=ali.open.nav&h5Url=https%3A%2F%2Fwww.tmall.com%2F",
        "taobaolite": "taobaolite://m.ltao.com/open/index.html?action=ali.open.nav&h5Url=taobaolite%3A%2F%2Fm.ltao.com%2Fhomepage%3F"
      }
    },
    "app": {
      "淘宝": "taobao",
      "天猫": "tmall",
      "淘宝特价版": "taobaolite"
    },
    "task": [
      {
        "energy": {
          "title": "攒能量",
          "type": "energy",
          "urlScheme": "HTTPS://pages.tmall.com/wow/an/tmall/default-rax/175f4129baa?wh_biz=tm&disableNav=YES&sceneId=699&hd_from_id=100071&fromToken=ERDx5MKCxdoJ6PvwSwJtbwrCkUZU5&deliveryId=",
          "textEnd": "str1&implId=str2",
          "item": [
            "7771 other_0_0_7771_0",
            "5030 other_0_0_5030_0",
            "7381 other_0_0_7381_0",
            "8007 other_0_0_8007_0",
            "6780 other_0_0_6780_0"
          ]
        }
      }
    ]
  },
  "Jhs": {
    "version": "数据库版本:2.6.1",
    "pv": {
      "taobao": "taobao://m.tb.cn/h.49SUzMg",
      "tmall": "tmall://page.tm/appLink?&action=ali.open.nav&h5Url=https%3A%2F%2Fm.tb.cn%2Fh.49SUzMg",
      "taobaolite": "taobaolite://m.tb.cn/h.49SUzMg"
    },
    "main": {
      "taobao": "taobao://m.taobao.com/tbopen/index.html?h5Url=https://m.taobao.com",
      "tmall": "tmall://page.tm/appLink?&action=ali.open.nav&h5Url=https%3A%2F%2Fwww.tmall.com%2F",
      "taobaolite": "taobaolite://m.ltao.com/open/index.html?action=ali.open.nav&h5Url=taobaolite%3A%2F%2Fm.ltao.com%2Fhomepage%3F"
    },
    "home": {
      "taobao": "taobao://pages.tmall.com/wow/a/act/ju/dailygroup/1583/wupr?wh_pid=daily-192654&disableNav=YES",
      "tmall": "tmall://page.tm/appLink?&action=ali.open.nav&h5Url=https%3A%2F%2Fpages.tmall.com%2Fwow%2Fa%2Fact%2Fju%2Fdailygroup%2F1583%2Fwupr%3Fwh_pid%3Ddaily-192654%26disableNav%3DYES",
      "taobaolite": "taobaolite://pages.tmall.com/wow/a/act/ju/dailygroup/1583/wupr?wh_pid=daily-192654&disableNav=YES"
    },
    "end": {
      "taobao": "taobao://pages.tmall.com/wow/a/act/ju/dailygroup/1583/wupr?wh_pid=daily-192654&disableNav=YES",
      "tmall": "tmall://page.tm/appLink?&action=ali.open.nav&h5Url=https%3A%2F%2Fpages.tmall.com%2Fwow%2Fa%2Fact%2Fju%2Fdailygroup%2F1583%2Fwupr%3Fwh_pid%3Ddaily-192654%26disableNav%3DYES",
      "taobaolite": "taobaolite://pages.tmall.com/wow/a/act/ju/dailygroup/1583/wupr?wh_pid=daily-192654&disableNav=YES"
    },
    "app": {
      "淘宝": "taobao",
      "天猫": "tmall",
      "淘宝特价版": "taobaolite"
    },
    "task": [
      {
        "stars": {
          "title": "攒星星",
          "type": "stars",
          "urlScheme": "HTTPS://pages.tmall.com/wow/a/act/tmall/dailygroup/796/wupr?wh_pid=daily-216010&subSource=catsmoney&sourceType=other&fromToken=xBVj6P9UvoVobWAQTnvT7EUqUZUJ&sceneId=107&hd_from_id=100027&deliveryId=",
          "textEnd": "str1&implId=str2",
          "item": [
            "2284 other_0_0_2284_0",
            "7869 other_0_69028_7869_0",
            "7868 other_0_54004_7868_0",
            "4736 other_0_0_4736_0",
            "4040 other_0_0_4040_0",
            "4773 other_0_77002_4773_0",
            "8244 other_0_79024_8244_0",
            "2740 other_0_0_2740_0",
            "782 other_0_0_782_0",
            "3584 other_0_0_3584_0",
            "4502 other_0_0_4502_0",
            "8223 other_0_79019_8223_0",
            "7384 other_0_0_7384_0",
            "6645 other_0_0_6645_0",
            "4127 other_0_0_4127_0",
            "8263 other_0_79038_8263_0",
            "7712 other_0_54003_7712_0",
            "8456 other_0_91008_8456_0",
            "8456 other_0_91008_8456_1",
            "781 other_0_0_781_0",
            "9015 other_0_0_9015_0",
            "8456 other_0_91095_8456_0",
            "8456 other_0_91095_8456_1",
            "9016 shop_0_70020_9016_0",
            "9012 shop_0_91045_9012_0",
            "9012 shop_0_91045_9012_1",
            "9012 shop_0_91045_9012_2",
            "9013 shop_0_91055_9013_0",
            "9013 shop_0_91055_9013_1",
            "9013 shop_0_91055_9013_2",
            "9013 shop_0_91055_9013_3",
            "9600 expo_0_100029_9600_0",
            "10686 other_0_111001_10686_0",
            "10417 other_0_1_10417_0",
            "10417 other_0_1_10417_1",
            "10649 other_0_109001_10649_0",
            "9509 other_0_1_9509_0",
            "9086 other_0_72017_9086_0"
          ]
        }
      }
    ]
  },
  "Hlzx": {
    "version": "数据库版本:12.29.1",
    "gd": {
      "taobao": "taobao://m.tb.cn/h.49SUzMg",
      "tmall": "tmall://page.tm/appLink?&action=ali.open.nav&h5Url=https%3A%2F%2Fm.tb.cn%2Fh.49SUzMg",
      "taobaolite": "taobaolite://m.tb.cn/h.49SUzMg"
    },
    "main": {
      "taobao": "taobao://m.taobao.com/tbopen/index.html?h5Url=https://m.taobao.com",
      "tmall": "tmall://page.tm/appLink?&action=ali.open.nav&h5Url=https%3A%2F%2Fwww.tmall.com%2F",
      "taobaolite": "taobaolite://m.ltao.com/open/index.html?action=ali.open.nav&h5Url=taobaolite%3A%2F%2Fm.ltao.com%2Fhomepage%3F"
    },
    "home": {
      "taobao": "taobao://pages.tmall.com/wow/z/hdwk/hdsolution2/game2020?wh_biz=tm&disableNav=YES&disableProgress=YES",
      "tmall": "tmall://page.tm/appLink?&action=ali.open.nav&h5Url=https%3A%2F%2Fpages.tmall.com%2Fwow%2Fz%2Fhdwk%2Fhdsolution2%2Fgame2020%3Fwh_biz%3Dtm%26disableNav%3DYES%26disableProgress%3DYES",
      "taobaolite": "taobaolite://pages.tmall.com/wow/z/hdwk/hdsolution2/game2020?wh_biz=tm&disableNav=YES&disableProgress=YES"
    },
    "end": {
      "taobao": "taobao://pages.tmall.com/wow/z/hdwk/hdsolution2/game2020?wh_biz=tm&disableNav=YES&disableProgress=YES",
      "tmall": "tmall://page.tm/appLink?&action=ali.open.nav&h5Url=https%3A%2F%2Fpages.tmall.com%2Fwow%2Fz%2Fhdwk%2Fhdsolution2%2Fgame2020%3Fwh_biz%3Dtm%26disableNav%3DYES%26disableProgress%3DYES",
      "taobaolite": "taobaolite://pages.tmall.com/wow/z/hdwk/hdsolution2/game2020?wh_biz=tm&disableNav=YES&disableProgress=YES"
    },
    "app": {
      "淘宝": "taobao",
      "天猫": "tmall",
      "淘宝特价版": "taobaolite"
    },
    "task": [
      {
        "steps": {
          "title": "攒步数",
          "type": "steps",
          "urlScheme": "HTTPS://pages.tmall.com/wow/a/act/tmall/dailygroup/796/wupr?wh_pid=daily-216010&subSource=catsmoney&fromToken=nEVprJNI2RKjxp6ZsLJuA7lS5UNUv&spm=a217e.1212.tasklist.0&sceneId=581&sourceType=other&hd_from_id=100008&deliveryId=",
          "textEnd": "str1&implId=str2",
          "item": [
            "4184 other_0_3_4184_0",
            "7966 other_0_0_7966_0",
            "8109 other_0_0_8109_0",
            "4400 other_0_0_4400_0",
            "3986 other_0_0_3986_0",
            "4499 other_0_0_4499_0",
            "5974 other_0_0_5974_0",
            "4139 other_0_1_4139_0",
            "4896 other_0_0_4896_0",
            "3987 other_0_0_3987_0",
            "4568 other_0_0_4568_0",
            "4522 other_0_0_4522_0",
            "8104 other_0_0_8104_0",
            "4490 other_0_0_4490_0",
            "6893 other_0_0_6893_0",
            "7222 other_0_0_7222_0",
            "6916 other_0_0_6916_0",
            "4772 shop_0_2_4772_0",
            "4772 shop_0_2_4772_1"
          ]
        }
      }
    ]
  },
  "FarmSingle": {
    "version": "数据库版本:2.10.1",
    "gd": {
      "taobao": "taobao://m.tb.cn/h.49SUzMg",
      "tmall": "tmall://page.tm/appLink?&action=ali.open.nav&h5Url=https%3A%2F%2Fm.tb.cn%2Fh.49SUzMg",
      "taobaolite": "taobaolite://m.tb.cn/h.49SUzMg"
    },
    "main": {
      "taobao": "taobao://m.taobao.com/tbopen/index.html?h5Url=https://m.taobao.com",
      "tmall": "tmall://page.tm/appLink?&action=ali.open.nav&h5Url=https%3A%2F%2Fwww.tmall.com%2F",
      "taobaolite": "taobaolite://m.ltao.com/open/index.html?action=ali.open.nav&h5Url=taobaolite%3A%2F%2Fm.ltao.com%2Fhomepage%3F"
    },
    "home": {
      "taobao": "taobao://pages.tmall.com/wow/hdwk/act/2020nhj-single?wh_biz=tm&disableNav=YES",
      "tmall": "tmall://page.tm/appLink?&action=ali.open.nav&h5Url=https%3A%2F%2Fpages.tmall.com%2Fwow%2Fhdwk%2Fact%2F2020nhj-single%3Fwh_biz%3Dtm%26disableNav%3DYES",
      "taobaolite": "taobaolite://pages.tmall.com/wow/hdwk/act/2020nhj-single?wh_biz=tm&disableNav=YES"
    },
    "end": {
      "taobao": "taobao://pages.tmall.com/wow/hdwk/act/2020nhj-single?wh_biz=tm&disableNav=YES",
      "tmall": "tmall://page.tm/appLink?&action=ali.open.nav&h5Url=https%3A%2F%2Fpages.tmall.com%2Fwow%2Fhdwk%2Fact%2F2020nhj-single%3Fwh_biz%3Dtm%26disableNav%3DYES",
      "taobaolite": "taobaolite://pages.tmall.com/wow/hdwk/act/2020nhj-single?wh_biz=tm&disableNav=YES"
    },
    "app": {
      "淘宝": "taobao",
      "天猫": "tmall",
      "淘宝特价版": "taobaolite"
    },
    "team": {
      "👤 为作者助力": "taobao://m.tb.cn/h.4RdHS9V?sm=9ade48",
      "👥 相互助力群": "mqqapi://card/show_pslcard?src_type=internal&version=1&uin=830385420&card_type=group&source=qrcode&jump_from=&auth=&authSig=CtFeH1TafXW5JK0ALJh4EbaUkBHKJ6ykRB6+ejGS3fvjGPae8Am9sPg+sm0xsTNX&source_id=2_40001"
    },
    "task": [
      {
        "fertilizer": {
          "title": "集肥料",
          "type": "other",
          "urlScheme": "HTTPS://pages.tmall.com/wow/a/act/tmall/dailygroup/796/wupr?disableNav=YES&wh_pid=daily-216010&subSource=catsmoney&fromToken=lrVqDJXSZDKgxlaZc56tdPeCWUdUM&spm=a217e.1212.tasklist.0&sceneId=120&sourceType=other&hd_from_id=1025&deliveryId=",
          "textEnd": "str1&implId=str2",
          "item": [
            "6613 other_0_0_6613_0",
            "1867 cloudSailAd_0_291738327077_1867_0",
            "1868 cloudSailAd_0_291619763787_1868_0",
            "1870 cloudSailAd_0_291430634303_1870_0",
            "7867 other_0_0_7867_0",
            "1914 other_0_0_1914_0",
            "1914 other_0_0_1914_1",
            "1914 other_0_0_1914_2",
            "2079 other_0_0_2079_0",
            "2079 other_0_0_2079_1",
            "3274 other_0_0_3274_0",
            "3205 other_0_0_3205_0",
            "4394 other_0_0_4394_0",
            "830 sign_0_1_830_1"
          ]
        }
      },
      {
        "tmall": {
          "title": "集肥料云推送",
          "type": "other",
          "urlScheme": "HTTPS://pages.tmall.com/wow/a/act/tmall/dailygroup/796/wupr?disableNav=YES&wh_pid=daily-216010&subSource=catsmoney&fromToken=lrVqDJXSZDKgxlaZc56tdPeCWUdUM&spm=a217e.1212.tasklist.0&sceneId=971&sourceType=other&hd_from_id=100085&deliveryId=",
          "textEnd": "str1&implId=str2",
          "item": [
            "7932 linked_0_0_7932_0",
            "8271 other_0_72011_8271_0",
            "8272 other_0_79046_8272_0",
            "8273 other_0_62009_8273_0",
            "8273 other_0_62008_8273_0",
            "8274 other_0_62010_8274_0",
            "7941 expo_0_75049_7941_0",
            "7941 expo_0_75049_7941_1",
            "7941 expo_0_75049_7941_2",
            "8479 other_0_68006_8479_0",
            "7936 cloudSailAd_0_291988128281_7936_0",
            "8350 other_0_0_8350_0",
            "8351 other_0_0_8351_0",
            "4550 other_0_0_4550_0",
            "8444 other_0_68007_8444_0",
            "2969 other_0_0_2969_0",
            "3205 other_0_0_3205_0",
            "8276 other_0_79050_8276_0"
          ]
        }
      },
      {
        "tmall": {
          "title": "集福气",
          "type": "other",
          "urlScheme": "HTTPS://pages.tmall.com/wow/a/act/tmall/dailygroup/796/wupr?disableNav=YES&wh_pid=daily-216010&subSource=catsmoney&fromToken=lrVqDJXSZDKgxlaZc56tdPeCWUdUM&spm=a217e.1212.tasklist.0&sceneId=1131&sourceType=other&hd_from_id=100085&deliveryId=",
          "textEnd": "str1&implId=str2",
          "item": [
            "9464 other_0_0_9464_0",
            "9852 cloudSailAd_0_104635021_9852_0",
            "9852 cloudSailAd_0_104635022_9852_0",
            "9852 cloudSailAd_0_104635023_9852_0",
            "9852 cloudSailAd_0_104635024_9852_0",
            "9852 cloudSailAd_0_104635025_9852_0",
            "9852 cloudSailAd_0_104635026_9852_0",
            "9682 expo_0_229916001_9682_0",
            "9682 expo_0_229916002_9682_0",
            "9153 other_0_62010_9153_0",
            "9404 other_0_1_9404_0",
            "9734 expo_0_84011_9734_0",
            "9799 cloudSailAdExtra_0_294860248835_9799_0",
            "9143 expo_0_86002_9143_0",
            "9706 interactionSearch_0_105234815_9706_0",
            "9793 other_0_68006_9793_0",
            "9736 expo_0_70055_9736_0",
            "9683 expo_0_42203063040_9683_0",
            "9586 other_0_70019_9586_0",
            "9736 other_0_82005_9736_0",
            "9857 expo_0_30378031_9857_0",
            "9893 expo_0_41836690040_9893_0",
            "9997 expo_0_42216401040_9997_0",
            "9048 other_0_68022_9048_0",
            "9998 expo_0_229911001_9998_0",
            "9998 expo_0_229911002_9998_0",
            "9998 expo_0_229911003_9998_0",
            "9734 expo_0_98007_9734_0",
            "10038 other_0_84029_10038_0",
            "10333 expo_0_42264465031_10333_0",
            "10387 other_0_105010_10387_0",
            "9801 cloudSailAdExtra_0_296692181133_9801_0",
            "9586 other_0_70019_9586_0",
            "10577 other_0_105010_10577_0",
            "10475 other_0_100017_10475_0",
            "10756 cloudSailAdExtra_0_142_10756_0",
            "9586 other_0_113001_9586_0"
          ]
        }
      }
    ]
  },
  "Qmxb": {
    "version": "数据库版本:12.27.2",
    "gd": {
      "taobao": "taobao://m.tb.cn/h.49SUzMg",
      "tmall": "tmall://page.tm/appLink?&action=ali.open.nav&h5Url=https%3A%2F%2Fm.tb.cn%2Fh.49SUzMg",
      "taobaolite": "taobaolite://m.tb.cn/h.49SUzMg"
    },
    "main": {
      "taobao": "taobao://m.taobao.com/tbopen/index.html?h5Url=https://m.taobao.com",
      "tmall": "tmall://page.tm/appLink?&action=ali.open.nav&h5Url=https%3A%2F%2Fwww.tmall.com%2F",
      "taobaolite": "taobaolite://m.ltao.com/open/index.html?action=ali.open.nav&h5Url=taobaolite%3A%2F%2Fm.ltao.com%2Fhomepage%3F"
    },
    "home": {
      "taobao": "taobao://market.m.taobao.com/app/ctm/lucky-sudoku-pro/pages/index?disableNav=YES",
      "tmall": "tmall://page.tm/appLink?&action=ali.open.nav&h5Url=https%3A%2F%2Fmarket.m.taobao.com%2Fapp%2Fctm%2Flucky-sudoku-pro%2Fpages%2Findex%3FdisableNav%3DYES",
      "taobaolite": "taobaolite://market.m.taobao.com/app/ctm/lucky-sudoku-pro/pages/index?disableNav=YES"
    },
    "end": {
      "taobao": "taobao://market.m.taobao.com/app/ctm/lucky-sudoku-pro/pages/index?disableNav=YES",
      "tmall": "tmall://page.tm/appLink?&action=ali.open.nav&h5Url=https%3A%2F%2Fmarket.m.taobao.com%2Fapp%2Fctm%2Flucky-sudoku-pro%2Fpages%2Findex%3FdisableNav%3DYES",
      "taobaolite": "taobaolite://market.m.taobao.com/app/ctm/lucky-sudoku-pro/pages/index?disableNav=YES"
    },
    "app": {
      "淘宝": "taobao",
      "天猫": "tmall",
      "淘宝特价版": "taobaolite"
    },
    "task": [
      {
        "stars": {
          "title": "得次数",
          "type": "stars",
          "urlScheme": "HTTPS://pages.tmall.com/wow/a/act/tmall/dailygroup/796/wupr?wh_pid=daily-216010&subSource=catsmoney&fromToken=nEVprJNI2RKjxp6ZsLJuA7lS5UNUv&spm=a217e.1212.tasklist.0&sceneId=957&sourceType=other&hd_from_id=100070&deliveryId=",
          "textEnd": "str1&implId=str2",
          "item": [
            "7778 other_0_0_7778_0",
            "8679 other_0_0_8679_0",
            "8723 other_0_0_8723_0",
            "8969 other_0_0_8969_0",
            "8964 other_0_0_8964_0",
            "8966 other_0_0_8966_0",
            "8967 other_0_0_8967_0",
            "8971 other_0_0_8971_0",
            "8972 other_0_0_8972_0",
            "7928 other_0_0_7928_0",
            "7784 other_0_0_7784_0",
            "7741 other_0_0_7741_0",
            "7919 other_0_0_7919_0",
            "8191 other_0_0_8191_0",
            "7776 other_0_0_7776_0",
            "7775 other_0_0_7775_0",
            "7921 other_0_0_7921_0",
            "7925 other_0_0_7925_0",
            "7777 other_0_0_7777_0",
            "7922 other_0_0_7922_0",
            "7923 other_0_0_7923_0",
            "7924 other_0_0_7924_0",
            "8252 other_0_0_8252_0",
            "7926 other_0_0_7926_0",
            "7927 other_0_0_7927_0"
          ]
        }
      }
    ]
  },
  "ltao_duck": {
    "version": "数据库版本:2.4.1",
    "pv": {
      "taobao": "taobao://m.tb.cn/h.49SUzMg",
      "tmall": "tmall://page.tm/appLink?&action=ali.open.nav&h5Url=https%3A%2F%2Fm.tb.cn%2Fh.49SUzMg",
      "taobaolite": "taobaolite://m.tb.cn/h.49SUzMg"
    },
    "main": {
      "taobao": "taobao://m.taobao.com/tbopen/index.html?h5Url=https://m.taobao.com",
      "tmall": "tmall://page.tm/appLink?&action=ali.open.nav&h5Url=https%3A%2F%2Fwww.tmall.com%2F",
      "taobaolite": "taobaolite://m.ltao.com/open/index.html?action=ali.open.nav&h5Url=taobaolite%3A%2F%2Fm.ltao.com%2Fhomepage%23mallPage"
    },
    "home": {
      "taobao": "taobao://pages.tmall.com/wow/z/sale/nsrSolution/ltao-duck-home?disableNav=YES",
      "tmall": "tmall://page.tm/appLink?&action=ali.open.nav&h5Url=https%3A%2F%2Fpages.tmall.com%2Fwow%2Fz%2Fsale%2FnsrSolution%2Fltao-duck-home%3FdisableNav%3DYES",
      "taobaolite": "taobaolite://pages.tmall.com/wow/z/sale/nsrSolution/ltao-duck-home?disableNav=YES"
    },
    "end": {
      "taobao": "taobao://pages.tmall.com/wow/z/sale/nsrSolution/ltao-duck-home?disableNav=YES",
      "tmall": "tmall://page.tm/appLink?&action=ali.open.nav&h5Url=https%3A%2F%2Fpages.tmall.com%2Fwow%2Fz%2Fsale%2FnsrSolution%2Fltao-duck-home%3FdisableNav%3DYES",
      "taobaolite": "taobaolite://pages.tmall.com/wow/z/sale/nsrSolution/ltao-duck-home?disableNav=YES"
    },
    "app": {
      "淘宝": "taobao",
      "天猫": "tmall",
      "淘宝特价版": "taobaolite"
    },
    "task": [
      {
        "tmall": {
          "title": "攒金币",
          "type": "other",
          "urlScheme": "HTTPS://pages.tmall.com/wow/z/sale/nsrSolution/signincash-home?disableNav=YES&sourceType=other&wh_kangarooprefetch=true&needLogin=true&bizType=ltaoDuck&fromToken=lrVqDJXSZDKgxlaZc56tdPeCWUdUM&sceneId=1145&hd_from_id=100094&deliveryId=",
          "textEnd": "str1&implId=str2",
          "item": [
            "9187 other_0_0_9187_0",
            "9182 other_0_98015_9182_0",
            "9182 other_0_98015_9182_1",
            "9182 other_0_98015_9182_2",
            "10010 other_0_1_10010_0",
            "10010 other_0_1_10010_1",
            "10010 other_0_1_10010_2",
            "10010 other_0_1_10010_3",
            "10158 other_0_98006_10158_0",
            "10108 other_0_98001_10108_0",
            "9189 other_0_86053_9189_0",
            "9192 other_0_0_9192_0",
            "9192 other_0_0_9192_1",
            "9192 other_0_0_9192_2",
            "10488 other_0_107010_10488_0",
            "10503 other_0_107012_10503_0"
          ]
        }
      },
      {
        "tmall": {
          "title": "签到-无任何进度条",
          "type": "other",
          "urlScheme": "HTTPS://pages.tmall.com/wow/z/sale/nsrSolution/signincash-home?disableNav=YES&sourceType=other&wh_kangarooprefetch=true&needLogin=true&bizType=ltaoDuck&fromToken=lrVqDJXSZDKgxlaZc56tdPeCWUdUM&sceneId=1145&hd_from_id=100094&deliveryId=",
          "textEnd": "str1&implId=str2",
          "item": [
            "9279 linked_0_0_9279_0",
            "9279 linked_0_1_9279_0",
            "9279 linked_0_2_9279_0",
            "9279 linked_0_3_9279_0",
            "9279 linked_0_4_9279_0",
            "9279 linked_0_5_9279_0",
            "9279 linked_0_6_9279_0"
          ]
        }
      }
    ]
  },
  "team": {
    "👤 为作者助力": "taobao://m.tb.cn/h.4i7XpWg?sm=f09c1a",
    "👥 相互助力群": "mqqapi://card/show_pslcard?src_type=internal&version=1&uin=830385420&card_type=group&source=qrcode&jump_from=&auth=&authSig=CtFeH1TafXW5JK0ALJh4EbaUkBHKJ6ykRB6+ejGS3fvjGPae8Am9sPg+sm0xsTNX&source_id=2_40001"
  },
  "share": {
    "🔥 找优惠券抢购助手": "https://www.icloud.com/shortcuts/3a499f9269a440739d20c9793183b5f0",
    "🧧 淘宝特价版新人0.1元购": "taobao://m.tb.cn/h.49cUbFT",
    "🧧 拆盲盒得猫超卡": "taobao://m.tb.cn/h.49n6I5I?sm=800452",
    "🔥 淘金币签到0.01元购": "taobao://pages.tmall.com/wow/z/hdwk/hdsolution2/tjb-spring?disableNav=YES&hd_from=sy",
    "🐙 聚划算星星10,13点换广西券": "taobao://m.tb.cn/h.4jU2zgr",
    "🔥 每天10点限量1元购": "taobao://m.tb.cn/h.4ii1Nhf",
    "🔥 淘宝2月首购有礼红包": "taobao://m.tb.cn/h.49cfixF",
    "📜 好物方案": { "": "" }
  }
}
